dong_code,region_name,school,subway,hospital,cafe,total_score
2717010900,대구광역시 서구 원대동3가,68,89,842,1189,3276
2717010700,대구광역시 서구 원대동1가,75,105,1119,1434,4137
2717010800,대구광역시 서구 원대동2가,75,87,1035,1345,3826
3020015200,대전광역시 유성구 둔곡동,4,76,2,25,265
2717010400,대구광역시 서구 상리동,44,7,126,212,573
2717010500,대구광역시 서구 중리동,81,55,563,661,2114
2717010600,대구광역시 서구 이현동,57,52,503,560,1836
2717010200,대구광역시 서구 비산동,40,18,260,326,980
2717010300,대구광역시 서구 평리동,70,104,846,1066,3210
2717010100,대구광역시 서구 내당동,94,118,1109,1174,3934
2714014300,대구광역시 동구 송정동,4,77,5,45,294
2714014400,대구광역시 동구 덕곡동,4,152,3,38,508
2714014500,대구광역시 동구 지묘동,10,313,25,47,1056
2611010100,부산광역시 중구 영주동,62,94,609,861,2485
2611010200,부산광역시 중구 대창동1가,64,94,619,872,2520
2611010300,부산광역시 중구 대창동2가,63,94,618,861,2505
2611010400,부산광역시 중구 중앙동1가,67,83,605,907,2500
2611010500,부산광역시 중구 중앙동2가,68,88,592,887,2471
2611010600,부산광역시 중구 중앙동3가,68,93,579,877,2450
2611010700,부산광역시 중구 중앙동4가,67,94,623,865,2527
2611010800,부산광역시 중구 중앙동5가,64,88,585,898,2460
2611010900,부산광역시 중구 중앙동6가,64,83,599,902,2477
2611011000,부산광역시 중구 중앙동7가,64,83,581,901,2440
2611011100,부산광역시 중구 동광동1가,68,83,604,902,2495
2611011200,부산광역시 중구 동광동2가,68,83,604,902,2495
2714014000,대구광역시 동구 내동,4,216,0,25,681
2714014100,대구광역시 동구 신용동,4,85,0,36,299
2714014200,대구광역시 동구 중대동,4,33,1,37,146
2611011300,부산광역시 중구 동광동3가,68,83,605,899,2494
2611011400,부산광역시 중구 동광동4가,68,89,588,878,2457
2611011500,부산광역시 중구 동광동5가,67,94,617,871,2521
2611011600,부산광역시 중구 대청동1가,69,98,586,862,2466
2611011700,부산광역시 중구 대청동2가,74,88,614,882,2522
2611011800,부산광역시 중구 대청동3가,78,88,612,880,2524
2611011900,부산광역시 중구 대청동4가,64,99,598,861,2482
2611012000,부산광역시 중구 보수동1가,66,93,593,866,2463
2611012100,부산광역시 중구 보수동2가,67,97,678,892,2673
2611012200,부산광역시 중구 보수동3가,72,97,686,912,2719
2611012300,부산광역시 중구 부평동1가,77,88,621,888,2548
2611012400,부산광역시 중구 부평동2가,76,93,668,916,2683
2611012500,부산광역시 중구 부평동3가,80,97,680,910,2721
2611012600,부산광역시 중구 부평동4가,73,97,688,919,2732
2611012700,부산광역시 중구 신창동1가,79,88,614,900,2550
2611012800,부산광역시 중구 신창동2가,79,88,615,899,2551
2611012900,부산광역시 중구 신창동3가,79,88,622,902,2568
2611013000,부산광역시 중구 신창동4가,79,88,618,901,2559
2611013100,부산광역시 중구 창선동1가,79,88,613,911,2559
2611013200,부산광역시 중구 창선동2가,79,88,618,910,2568
2611013300,부산광역시 중구 광복동1가,72,83,612,910,2527
2611013400,부산광역시 중구 광복동2가,77,87,612,911,2550
2611013500,부산광역시 중구 광복동3가,79,88,614,900,2550
2611013600,부산광역시 중구 남포동1가,71,83,605,910,2511
2611013700,부산광역시 중구 남포동2가,74,83,610,909,2526
2611013800,부산광역시 중구 남포동3가,79,88,621,915,2579
2611013900,부산광역시 중구 남포동4가,73,88,607,912,2536
2611014000,부산광역시 중구 남포동5가,75,88,619,921,2573
2611014100,부산광역시 중구 남포동6가,74,84,625,914,2564
2614010100,부산광역시 서구 동대신동1가,54,100,619,860,2506
2614010200,부산광역시 서구 동대신동2가,54,99,550,826,2331
2614010300,부산광역시 서구 동대신동3가,58,89,516,768,2183
2614010400,부산광역시 서구 서대신동1가,61,96,598,849,2455
2614010500,부산광역시 서구 서대신동2가,58,91,577,769,2312
2614010600,부산광역시 서구 서대신동3가,53,51,407,482,1555
2614010700,부산광역시 서구 부용동1가,68,97,684,901,2696
2614010800,부산광역시 서구 부용동2가,66,97,684,901,2692
2614010900,부산광역시 서구 부민동1가,70,97,690,918,2729
2614011000,부산광역시 서구 부민동2가,73,93,693,916,2727
2614011100,부산광역시 서구 부민동3가,66,91,691,905,2692
2614011200,부산광역시 서구 토성동1가,76,93,678,919,2706
2614011300,부산광역시 서구 토성동2가,72,93,694,917,2728
2614011400,부산광역시 서구 토성동3가,70,93,694,912,2719
2614011500,부산광역시 서구 아미동1가,71,85,695,898,2685
2614011600,부산광역시 서구 아미동2가,68,91,670,856,2605
2614011700,부산광역시 서구 토성동4가,75,89,680,928,2705
2614011800,부산광역시 서구 토성동5가,71,85,689,916,2691
2614011900,부산광역시 서구 초장동,74,85,674,894,2645
2614012000,부산광역시 서구 충무동1가,75,85,665,917,2652
2614012100,부산광역시 서구 충무동2가,75,85,676,903,2660
2614012200,부산광역시 서구 충무동3가,74,85,652,891,2598
2614012300,부산광역시 서구 남부민동,64,68,544,776,2196
2614012400,부산광역시 서구 암남동,6,353,42,53,1208
2617010100,부산광역시 동구 초량동,48,23,548,780,2041
2617010200,부산광역시 동구 수정동,60,96,507,646,2068
2617010300,부산광역시 동구 좌천동,63,111,650,855,2614
2617010400,부산광역시 동구 범일동,64,123,920,1099,3436
2620010100,부산광역시 영도구 대교동1가,65,68,523,825,2205
2620010200,부산광역시 영도구 대교동2가,64,64,504,806,2134
2620010300,부산광역시 영도구 대평동1가,68,68,525,835,2225
2620010400,부산광역시 영도구 대평동2가,68,71,545,860,2299
2620010500,부산광역시 영도구 남항동1가,67,64,495,799,2115
2620010600,부산광역시 영도구 남항동2가,66,59,480,766,2035
2620010700,부산광역시 영도구 남항동3가,69,49,459,725,1928
2620010800,부산광역시 영도구 영선동1가,64,57,480,774,2033
2620010900,부산광역시 영도구 영선동2가,64,55,474,744,1985
2714013700,대구광역시 동구 용수동,3,106,0,25,349
2714013800,대구광역시 동구 신무동,79,17,0,14,223
2714013900,대구광역시 동구 미대동,3,205,0,13,634
2620011000,부산광역시 영도구 영선동3가,61,49,466,712,1913
2620011100,부산광역시 영도구 영선동4가,37,15,221,405,966
2620011200,부산광역시 영도구 신선동1가,60,57,463,754,1971
2620011300,부산광역시 영도구 신선동2가,58,49,440,680,1823
2620011400,부산광역시 영도구 신선동3가,35,36,267,515,1227
2620011500,부산광역시 영도구 봉래동1가,63,74,531,850,2260
2620011600,부산광역시 영도구 봉래동2가,62,78,508,818,2192
2620011700,부산광역시 영도구 봉래동3가,62,60,480,780,2044
2620011800,부산광역시 영도구 봉래동4가,50,55,375,710,1725
2620011900,부산광역시 영도구 봉래동5가,47,46,370,692,1664
2620012000,부산광역시 영도구 청학동,35,28,192,395,933
2620012100,부산광역시 영도구 동삼동,28,527,94,170,1995
2623010100,부산광역시 부산진구 양정동,80,143,1082,1385,4138
2623010200,부산광역시 부산진구 전포동,72,135,1080,1287,3996
2623010300,부산광역시 부산진구 부전동,19,56,552,706,2016
2623010400,부산광역시 부산진구 범천동,84,124,1051,1214,3856
2623010500,부산광역시 부산진구 범전동,78,153,1134,1314,4197
2623010600,부산광역시 부산진구 연지동,82,122,1046,1266,3888
2623010700,부산광역시 부산진구 초읍동,74,94,924,983,3261
2623010800,부산광역시 부산진구 부암동,56,26,293,277,1053
2623010900,부산광역시 부산진구 당감동,69,37,405,348,1407
2623011000,부산광역시 부산진구 가야동,81,104,988,866,3316
2623011100,부산광역시 부산진구 개금동,61,52,350,366,1344
2626010100,부산광역시 동래구 명장동,103,98,950,921,3321
2626010200,부산광역시 동래구 안락동,118,118,963,1007,3523
2626010300,부산광역시 동래구 칠산동,120,145,1173,1226,4247
2626010400,부산광역시 동래구 낙민동,124,164,1212,1260,4424
2626010500,부산광역시 동래구 복천동,115,144,1129,1251,4171
2626010600,부산광역시 동래구 수안동,131,170,1183,1231,4369
2626010700,부산광역시 동래구 명륜동,99,140,969,1122,3678
2626010800,부산광역시 동래구 온천동,82,107,702,879,2768
2626010900,부산광역시 동래구 사직동,91,113,779,782,2861
2629010600,부산광역시 남구 대연동,57,72,673,924,2600
2629010700,부산광역시 남구 용호동,17,7,214,324,807
2629010800,부산광역시 남구 용당동,42,27,449,482,1545
2629010900,부산광역시 남구 문현동,64,124,1035,1222,3792
2629011000,부산광역시 남구 우암동,53,78,521,594,1976
2629011100,부산광역시 남구 감만동,31,17,330,294,1067
2632010100,부산광역시 북구 금곡동,42,25,141,166,607
2632010200,부산광역시 북구 화명동,45,48,285,262,1066
2632010300,부산광역시 북구 만덕동,59,45,338,291,1220
2632010400,부산광역시 북구 덕천동,69,61,403,363,1490
2632010500,부산광역시 북구 구포동,57,64,329,307,1271
2635010100,부산광역시 해운대구 반송동,17,25,63,65,300
2635010200,부산광역시 해운대구 석대동,20,30,125,123,503
2635010300,부산광역시 해운대구 반여동,55,37,358,359,1296
2635010400,부산광역시 해운대구 재송동,78,80,641,738,2416
2635010500,부산광역시 해운대구 우동,55,85,644,808,2461
2714013400,대구광역시 동구 도학동,63,4,0,14,152
2714013500,대구광역시 동구 백안동,3,188,1,15,587
2714013600,대구광역시 동구 미곡동,3,193,1,12,599
2635010600,부산광역시 해운대구 중동,3,44,96,496,826
2635010700,부산광역시 해운대구 좌동,27,40,296,380,1146
2635010800,부산광역시 해운대구 송정동,2,22,166,283,685
2638010100,부산광역시 사하구 괴정동,66,86,592,528,2102
2638010200,부산광역시 사하구 당리동,68,65,373,383,1460
2638010300,부산광역시 사하구 하단동,44,31,214,279,888
2638010400,부산광역시 사하구 신평동,52,65,362,356,1379
2638010500,부산광역시 사하구 장림동,49,45,189,204,815
2638010600,부산광역시 사하구 다대동,26,28,149,148,582
2638010700,부산광역시 사하구 구평동,62,62,325,325,1285
2638010800,부산광역시 사하구 감천동,66,84,553,736,2226
2641010100,부산광역시 금정구 두구동,7,12,4,32,90
2641010200,부산광역시 금정구 노포동,12,23,41,103,278
2641010300,부산광역시 금정구 청룡동,8,15,30,69,190
2641010400,부산광역시 금정구 남산동,18,37,163,188,661
2641010500,부산광역시 금정구 선동,18,37,165,188,665
2641010600,부산광역시 금정구 오륜동,3,14,68,58,242
2641010700,부산광역시 금정구 구서동,28,38,236,423,1065
2641010800,부산광역시 금정구 장전동,36,37,381,598,1543
2641010900,부산광역시 금정구 부곡동,35,43,420,584,1623
2641011000,부산광역시 금정구 서동,6,83,722,889,2594
2641011100,부산광역시 금정구 금사동,63,60,511,621,1949
2641011200,부산광역시 금정구 회동동,19,25,129,133,504
2641011300,부산광역시 금정구 금성동,8,640,32,91,2091
2644010100,부산광역시 강서구 대저1동,26,48,180,186,742
2644010200,부산광역시 강서구 대저2동,18,26,61,165,401
2644010300,부산광역시 강서구 강동동,17,20,6,51,157
2644010400,부산광역시 강서구 명지동,22,0,100,255,499
2644010500,부산광역시 강서구 죽림동,3,9,32,89,186
2644010600,부산광역시 강서구 식만동,12,18,46,120,290
2644010700,부산광역시 강서구 죽동동,10,3,17,66,129
2644010800,부산광역시 강서구 봉림동,4,250,1,15,775
2644010900,부산광역시 강서구 송정동,14,78,19,78,378
2644011000,부산광역시 강서구 화전동,11,113,14,77,466
2644011100,부산광역시 강서구 녹산동,7,229,16,96,829
2644011200,부산광역시 강서구 생곡동,3,205,1,46,669
2644011300,부산광역시 강서구 구랑동,2,116,5,20,382
2644011400,부산광역시 강서구 지사동,6,37,11,33,178
2644011500,부산광역시 강서구 미음동,2,141,6,35,474
2644011600,부산광역시 강서구 범방동,1,227,1,32,717
2644011700,부산광역시 강서구 신호동,19,138,58,168,736
2644011800,부산광역시 강서구 동선동,3,34,0,12,120
2644011900,부산광역시 강서구 성북동,2,0,0,16,20
2644012000,부산광역시 강서구 눌차동,4,72,6,24,260
2644012100,부산광역시 강서구 천성동,3,5,0,23,44
2644012200,부산광역시 강서구 대항동,1,0,0,12,14
2647010100,부산광역시 연제구 거제동,106,154,993,1088,3748
2647010200,부산광역시 연제구 연산동,102,155,1012,1118,3811
2650010100,부산광역시 수영구 망미동,75,156,1014,1247,3893
2650010200,부산광역시 수영구 수영동,69,103,742,1014,2945
2650010300,부산광역시 수영구 민락동,47,95,660,898,2597
2650010400,부산광역시 수영구 광안동,57,109,764,1056,3025
2650010500,부산광역시 수영구 남천동,45,65,684,900,2553
2653010100,부산광역시 사상구 삼락동,41,50,163,311,869
2653010200,부산광역시 사상구 모라동,52,45,224,301,988
2653010300,부산광역시 사상구 덕포동,46,38,181,301,869
2653010400,부산광역시 사상구 괘법동,48,52,277,349,1155
2653010500,부산광역시 사상구 감전동,44,43,275,310,1077
2653010600,부산광역시 사상구 주례동,57,50,371,434,1440
2653010700,부산광역시 사상구 학장동,44,34,276,325,1067
2653010800,부산광역시 사상구 엄궁동,30,21,236,229,824
2671025000,부산광역시 기장군 기장읍,19,6,97,218,468
2671025021,부산광역시 기장군 기장읍 동부리,19,6,124,191,495
2714013300,대구광역시 동구 진인동,3,135,1,17,430
3020015000,대전광역시 유성구 금탄동,152,8,0,6,334
3020015100,대전광역시 유성구 신동,2,34,1,16,124
2671025022,부산광역시 기장군 기장읍 교리,4,6,123,16,288
2671025023,부산광역시 기장군 기장읍 신천리,19,6,124,201,505
2671025024,부산광역시 기장군 기장읍 죽성리,14,6,123,181,473
2671025025,부산광역시 기장군 기장읍 서부리,16,8,95,113,359
2671025026,부산광역시 기장군 기장읍 대라리,11,3,94,132,351
2671025027,부산광역시 기장군 기장읍 청강리,11,6,90,110,330
2671025028,부산광역시 기장군 기장읍 대변리,10,3,88,117,322
2671025029,부산광역시 기장군 기장읍 연화리,8,3,14,102,155
2671025030,부산광역시 기장군 기장읍 만화리,16,3,115,137,408
2671025031,부산광역시 기장군 기장읍 석산리,6,6,11,112,164
2671025032,부산광역시 기장군 기장읍 당사리,5,6,10,129,177
2671025033,부산광역시 기장군 기장읍 시랑리,5,6,10,124,172
2671025034,부산광역시 기장군 기장읍 내리,3,4,5,14,42
2671025300,부산광역시 기장군 장안읍,13,5,14,95,164
2671025321,부산광역시 기장군 장안읍 좌천리,8,2,7,56,92
2671025322,부산광역시 기장군 장안읍 효암리,3,5,7,22,57
2671025323,부산광역시 기장군 장안읍 고리,1,5,7,22,53
2671025324,부산광역시 기장군 장안읍 좌동리,9,3,7,52,93
2671025325,부산광역시 기장군 장안읍 장안리,106,14,0,15,269
2671025326,부산광역시 기장군 장안읍 덕선리,113,31,4,21,348
2671025327,부산광역시 기장군 장안읍 용소리,4,15,0,31,84
2671025328,부산광역시 기장군 장안읍 기룡리,4,17,0,28,87
2671025329,부산광역시 기장군 장안읍 명례리,106,14,0,21,275
2671025330,부산광역시 기장군 장안읍 월내리,5,5,14,41,94
2671025331,부산광역시 기장군 장안읍 반룡리,5,5,11,45,92
2671025332,부산광역시 기장군 장안읍 임랑리,9,5,14,66,127
2671025333,부산광역시 기장군 장안읍 오리,6,2,0,33,51
2671025334,부산광역시 기장군 장안읍 길천리,3,5,7,29,64
2671025600,부산광역시 기장군 정관읍,32,81,77,150,611
2671025621,부산광역시 기장군 정관읍 방곡리,31,71,76,151,578
2671025622,부산광역시 기장군 정관읍 매학리,31,107,76,143,678
2671025623,부산광역시 기장군 정관읍 임곡리,10,87,21,45,368
2671025624,부산광역시 기장군 정관읍 월평리,9,56,54,81,375
2671025625,부산광역시 기장군 정관읍 달산리,27,89,67,116,571
2671025626,부산광역시 기장군 정관읍 병산리,117,31,0,12,339
2671025627,부산광역시 기장군 정관읍 모전리,28,90,73,130,602
2671025628,부산광역시 기장군 정관읍 용수리,31,75,77,143,584
2671025629,부산광역시 기장군 정관읍 두명리,20,70,53,86,442
2671025630,부산광역시 기장군 정관읍 예림리,15,58,38,92,372
2671033000,부산광역시 기장군 철마면,5,10,3,20,66
2671033021,부산광역시 기장군 철마면 와여리,2,309,0,14,945
3020014800,대전광역시 유성구 금고동,5,54,6,28,212
3020014900,대전광역시 유성구 대동,6,11,0,3,48
2671033022,부산광역시 기장군 철마면 장전리,3,381,1,24,1175
2671033023,부산광역시 기장군 철마면 백길리,2,237,0,15,730
2671033024,부산광역시 기장군 철마면 송정리,4,230,1,19,719
2671033025,부산광역시 기장군 철마면 웅천리,3,172,10,42,584
2671033026,부산광역시 기장군 철마면 연구리,2,360,0,14,1098
2671033027,부산광역시 기장군 철마면 구칠리,5,10,3,14,60
2671033028,부산광역시 기장군 철마면 이곡리,1,276,0,12,842
2671033029,부산광역시 기장군 철마면 고촌리,11,19,55,54,243
2671033030,부산광역시 기장군 철마면 안평리,11,15,33,40,173
2671033031,부산광역시 기장군 철마면 임기리,7,133,2,3,420
2711010100,대구광역시 중구 동인동1가,88,156,1538,2014,5734
2711010200,대구광역시 중구 동인동2가,90,155,1639,2057,5980
2711010300,대구광역시 중구 동인동3가,95,160,1627,2047,5971
2711010400,대구광역시 중구 동인동4가,101,157,1637,2050,5997
2711010500,대구광역시 중구 삼덕동1가,94,151,1707,1923,5978
2711010600,대구광역시 중구 삼덕동2가,95,162,1724,2011,6135
2711010700,대구광역시 중구 삼덕동3가,100,156,1696,2032,6092
2711010800,대구광역시 중구 봉산동,95,151,1653,1897,5846
2711010900,대구광역시 중구 장관동,101,137,1541,1769,5464
2711011000,대구광역시 중구 상서동,100,139,1514,1786,5431
2711011100,대구광역시 중구 수동,99,139,1520,1771,5426
2711011200,대구광역시 중구 덕산동,92,144,1626,1859,5727
2711011300,대구광역시 중구 종로1가,97,139,1549,1811,5520
2711011400,대구광역시 중구 종로2가,96,137,1556,1805,5520
2711011500,대구광역시 중구 사일동,93,134,1523,1852,5486
2711011600,대구광역시 중구 동일동,99,137,1544,1811,5508
2711011700,대구광역시 중구 남일동,92,139,1562,1847,5572
2711011800,대구광역시 중구 전동,101,137,1533,1816,5495
2711011900,대구광역시 중구 동성로3가,89,142,1617,1852,5690
2711012000,대구광역시 중구 동문동,86,154,1574,1978,5760
2711012100,대구광역시 중구 문화동,88,146,1559,1940,5672
2711012200,대구광역시 중구 공평동,85,152,1680,1985,5971
2711012300,대구광역시 중구 동성로2가,86,144,1608,1896,5716
2711012400,대구광역시 중구 태평로1가,92,140,1450,1882,5386
2711012500,대구광역시 중구 교동,87,150,1506,1944,5580
2711012600,대구광역시 중구 용덕동,89,143,1440,1894,5381
2711012700,대구광역시 중구 상덕동,86,146,1460,1916,5446
2711012800,대구광역시 중구 완전동,85,152,1503,1955,5587
2711012900,대구광역시 중구 도원동,88,113,1225,1676,4641
2711013000,대구광역시 중구 수창동,88,127,1285,1730,4857
2711013100,대구광역시 중구 태평로3가,87,126,1244,1717,4757
2711013200,대구광역시 중구 인교동,86,128,1319,1701,4895
2711013300,대구광역시 중구 서야동,86,132,1361,1734,5024
2711013400,대구광역시 중구 서성로1가,87,130,1416,1767,5163
2711013500,대구광역시 중구 시장북로,87,133,1331,1677,4912
2711013600,대구광역시 중구 하서동,94,134,1497,1788,5372
2711013700,대구광역시 중구 남성로,96,137,1516,1781,5416
2711013800,대구광역시 중구 계산동1가,99,143,1515,1779,5436
2711013900,대구광역시 중구 계산동2가,98,145,1536,1771,5474
2711014000,대구광역시 중구 동산동,94,145,1504,1747,5378
2711014100,대구광역시 중구 서문로2가,88,138,1478,1775,5321
2711014200,대구광역시 중구 서성로2가,93,138,1502,1781,5385
2711014300,대구광역시 중구 포정동,99,135,1445,1796,5289
2711014400,대구광역시 중구 서문로1가,97,133,1455,1790,5293
2711014500,대구광역시 중구 서내동,100,130,1421,1784,5216
2711014600,대구광역시 중구 북성로2가,96,130,1368,1777,5095
2711014700,대구광역시 중구 대안동,98,130,1400,1786,5172
2711014800,대구광역시 중구 동성로1가,95,138,1444,1847,5339
2711014900,대구광역시 중구 태평로2가,98,126,1319,1752,4964
2711015000,대구광역시 중구 북성로1가,99,136,1384,1798,5172
2711015100,대구광역시 중구 화전동,100,133,1428,1824,5279
2711015200,대구광역시 중구 향촌동,104,132,1401,1783,5189
2711015300,대구광역시 중구 북내동,99,130,1392,1781,5153
2711015400,대구광역시 중구 대신동,94,157,1477,1731,5344
2711015500,대구광역시 중구 달성동,83,118,1203,1580,4506
2711015600,대구광역시 중구 남산동,83,147,1540,1801,5488
2711015700,대구광역시 중구 대봉동,101,158,1651,2004,5982
3020014500,대전광역시 유성구 봉산동,17,85,81,138,589
3020014600,대전광역시 유성구 관평동,18,138,104,189,847
3020014700,대전광역시 유성구 송강동,18,133,86,159,766
2714010100,대구광역시 동구 신암동,80,86,1260,1594,4532
2714010200,대구광역시 동구 신천동,23,40,345,425,1281
2714010300,대구광역시 동구 효목동,69,66,595,778,2304
2714010400,대구광역시 동구 평광동,3,313,0,6,951
2714010500,대구광역시 동구 봉무동,9,15,52,108,275
2714010600,대구광역시 동구 불로동,26,6,207,288,772
2714010700,대구광역시 동구 도동,4,385,35,84,1317
2714010800,대구광역시 동구 지저동,61,43,504,679,1938
2714010900,대구광역시 동구 입석동,38,25,209,291,860
2714011000,대구광역시 동구 검사동,29,25,125,172,555
2714011100,대구광역시 동구 방촌동,34,39,245,277,952
2714011200,대구광역시 동구 둔산동,4,349,0,14,1069
2714011300,대구광역시 동구 부동,4,0,0,0,8
2714011400,대구광역시 동구 신평동,23,31,152,188,631
2714011500,대구광역시 동구 서호동,25,45,283,355,1106
2714011600,대구광역시 동구 동호동,24,35,274,331,1032
2714011700,대구광역시 동구 신기동,27,44,297,357,1137
2714011800,대구광역시 동구 율하동,18,55,234,296,965
2714011900,대구광역시 동구 용계동,25,31,175,209,702
2714012000,대구광역시 동구 율암동,23,26,160,252,696
2714012100,대구광역시 동구 상매동,309,283,0,10,1477
2714012200,대구광역시 동구 매여동,276,218,1,3,1211
2714012300,대구광역시 동구 각산동,18,27,148,226,639
2714012400,대구광역시 동구 신서동,18,24,157,234,656
2714012500,대구광역시 동구 동내동,8,9,50,117,260
2714012600,대구광역시 동구 괴전동,12,19,117,196,511
2714012700,대구광역시 동구 금강동,16,43,191,338,881
2714012800,대구광역시 동구 대림동,13,19,93,169,438
2720010100,대구광역시 남구 이천동,89,154,1586,1839,5651
2720010200,대구광역시 남구 봉덕동,82,119,1451,1652,5075
2720010300,대구광역시 남구 대명동,70,100,866,884,3056
2723010100,대구광역시 북구 칠성동1가,86,149,1584,1956,5743
2723010200,대구광역시 북구 칠성동2가,86,134,1425,1851,5275
2723010300,대구광역시 북구 고성동1가,84,117,1196,1646,4557
2723010400,대구광역시 북구 고성동2가,80,105,1160,1553,4348
2723010500,대구광역시 북구 고성동3가,80,107,1209,1594,4493
2723010600,대구광역시 북구 침산동,56,65,762,1060,2891
2723010700,대구광역시 북구 노원동1가,57,83,797,1143,3100
2723010800,대구광역시 북구 노원동2가,54,44,520,714,1994
2723010900,대구광역시 북구 노원동3가,49,28,379,474,1414
2723011000,대구광역시 북구 대현동,79,112,1332,1744,4902
2723011100,대구광역시 북구 산격동,54,52,796,1145,3001
2723011200,대구광역시 북구 복현동,57,49,642,855,2400
2723011300,대구광역시 북구 검단동,29,424,188,346,2052
2723011400,대구광역시 북구 동변동,18,411,113,159,1654
2723011500,대구광역시 북구 서변동,22,379,72,136,1461
2723011600,대구광역시 북구 조야동,27,14,191,257,735
2723011700,대구광역시 북구 노곡동,34,24,174,284,772
2723011800,대구광역시 북구 읍내동,29,23,319,362,1127
2723011900,대구광역시 북구 동호동,16,15,173,184,607
2723012000,대구광역시 북구 학정동,25,19,292,289,980
2723012100,대구광역시 북구 도남동,3,245,59,40,899
2723012200,대구광역시 북구 국우동,27,19,260,280,911
2723012300,대구광역시 북구 구암동,32,23,321,367,1142
2723012400,대구광역시 북구 동천동,30,23,339,378,1185
2723012500,대구광역시 북구 관음동,29,23,314,356,1111
2723012600,대구광역시 북구 태전동,28,19,269,318,969
2723012700,대구광역시 북구 매천동,21,18,114,179,503
2723012800,대구광역시 북구 팔달동,26,18,109,189,513
2723012900,대구광역시 북구 금호동,21,10,82,126,362
2723013000,대구광역시 북구 사수동,14,397,17,36,1289
2723013100,대구광역시 북구 연경동,11,290,25,45,987
2726010100,대구광역시 수성구 범어동,96,128,1436,1728,5176
2726010200,대구광역시 수성구 만촌동,68,77,705,799,2576
2726010300,대구광역시 수성구 수성동1가,102,151,1660,2001,5978
2726010400,대구광역시 수성구 수성동2가,92,127,1503,1824,5395
2726010500,대구광역시 수성구 수성동3가,103,137,1548,1879,5592
2726010600,대구광역시 수성구 수성동4가,108,153,1636,1968,5915
2726010700,대구광역시 수성구 황금동,68,60,767,831,2681
3020014200,대전광역시 유성구 원촌동,29,143,174,283,1118
3020014300,대전광역시 유성구 탑립동,22,1,114,235,510
3020014400,대전광역시 유성구 용산동,23,1,122,239,532
2726010800,대구광역시 수성구 중동,4,100,46,1539,1939
2726010900,대구광역시 수성구 상동,2,34,566,33,1271
2726011000,대구광역시 수성구 파동,1,16,256,371,933
2726011100,대구광역시 수성구 두산동,54,25,461,595,1700
2726011200,대구광역시 수성구 지산동,48,18,303,417,1173
2726011300,대구광역시 수성구 범물동,22,14,191,254,722
2726011400,대구광역시 수성구 시지동,28,39,245,314,977
2726011500,대구광역시 수성구 매호동,35,50,380,459,1439
2726011600,대구광역시 수성구 성동,4,53,1,493,662
2726011700,대구광역시 수성구 사월동,35,40,366,468,1390
2726011800,대구광역시 수성구 신매동,30,41,365,431,1344
2726011900,대구광역시 수성구 욱수동,29,21,279,342,1021
2726012000,대구광역시 수성구 노변동,24,34,245,333,973
2726012200,대구광역시 수성구 삼덕동,12,21,57,130,331
2726012300,대구광역시 수성구 연호동,9,30,116,194,534
2726012400,대구광역시 수성구 이천동,36,44,291,366,1152
2726012500,대구광역시 수성구 고모동,34,52,234,308,1000
2726012600,대구광역시 수성구 가천동,22,51,239,285,960
2726012700,대구광역시 수성구 대흥동,2,5,5,35,64
2729010100,대구광역시 달서구 성당동,103,92,915,908,3220
2729010200,대구광역시 달서구 두류동,103,92,988,1041,3499
2729010400,대구광역시 달서구 파호동,30,25,134,233,636
2729010500,대구광역시 달서구 호림동,20,21,116,196,531
2729010600,대구광역시 달서구 갈산동,49,38,216,358,1002
2729010700,대구광역시 달서구 신당동,52,40,233,363,1053
2729010800,대구광역시 달서구 이곡동,70,45,361,486,1483
2729010900,대구광역시 달서구 장동,3,42,486,643,1747
2729011000,대구광역시 달서구 장기동,90,82,812,786,2836
2729011100,대구광역시 달서구 용산동,78,59,582,622,2119
2729011200,대구광역시 달서구 죽전동,86,76,759,729,2647
2729011300,대구광역시 달서구 감삼동,102,69,816,780,2823
2729011400,대구광역시 달서구 본리동,103,95,910,899,3210
2729011500,대구광역시 달서구 상인동,39,23,260,240,907
2729011600,대구광역시 달서구 도원동,73,39,483,557,1786
2729011700,대구광역시 달서구 진천동,79,39,507,582,1871
2729011800,대구광역시 달서구 유천동,71,42,466,525,1725
2729011900,대구광역시 달서구 대천동,20,25,98,172,483
2729012000,대구광역시 달서구 월성동,92,44,544,630,2034
2729012100,대구광역시 달서구 월암동,67,50,437,517,1675
2729012200,대구광역시 달서구 송현동,85,62,874,845,2949
2729012300,대구광역시 달서구 대곡동,60,30,453,518,1634
2729012400,대구광역시 달서구 본동,3,87,943,12,2165
2729012500,대구광역시 달서구 호산동,32,37,212,292,891
2771025000,대구광역시 달성군 화원읍,35,26,204,273,829
2771025021,대구광역시 달성군 화원읍 천내리,35,25,203,267,818
2771025022,대구광역시 달성군 화원읍 구라리,28,25,214,301,860
2771025023,대구광역시 달성군 화원읍 성산리,13,20,93,120,392
2771025024,대구광역시 달성군 화원읍 설화리,7,16,69,91,291
2771025025,대구광역시 달성군 화원읍 명곡리,12,20,88,143,403
2771025026,대구광역시 달성군 화원읍 본리리,18,337,46,87,1226
2771025300,대구광역시 달성군 논공읍,8,102,34,60,450
2771025321,대구광역시 달성군 논공읍 노이리,3,107,15,32,389
2771025322,대구광역시 달성군 논공읍 금포리,4,108,14,37,397
2771025323,대구광역시 달성군 논공읍 삼리리,4,79,4,26,279
2771025324,대구광역시 달성군 논공읍 위천리,3,48,2,14,168
2771025325,대구광역시 달성군 논공읍 상리,1,34,1,12,118
2771025326,대구광역시 달성군 논공읍 하리,4,46,12,22,192
2771025327,대구광역시 달성군 논공읍 남리,5,30,20,28,168
2771025328,대구광역시 달성군 논공읍 북리,4,39,20,24,189
2771025329,대구광역시 달성군 논공읍 본리리,4,69,19,22,275
2771025600,대구광역시 달성군 다사읍,51,40,241,367,1071
2771025621,대구광역시 달성군 다사읍 이천리,16,6,26,74,176
2771025622,대구광역시 달성군 다사읍 달천리,12,337,30,74,1169
2771025623,대구광역시 달성군 다사읍 박곡리,18,370,36,80,1298
2771025624,대구광역시 달성군 다사읍 방천리,44,34,198,311,897
3020013900,대전광역시 유성구 반석동,15,15,97,149,418
3020014000,대전광역시 유성구 문지동,11,143,68,6,593
3020014100,대전광역시 유성구 전민동,17,143,88,229,868
2771025625,대구광역시 달성군 다사읍 서재리,37,24,158,267,729
2771025626,대구광역시 달성군 다사읍 세천리,36,27,141,250,685
2771025627,대구광역시 달성군 다사읍 죽곡리,29,31,124,234,633
2771025628,대구광역시 달성군 다사읍 매곡리,26,23,112,20,365
2771025629,대구광역시 달성군 다사읍 부곡리,20,16,75,103,341
2771025630,대구광역시 달성군 다사읍 문양리,4,10,15,38,106
2771025631,대구광역시 달성군 다사읍 문산리,2,10,11,30,86
2771025900,대구광역시 달성군 유가읍,8,6,40,97,211
2771025921,대구광역시 달성군 유가읍 음리,7,20,34,59,201
2771025922,대구광역시 달성군 유가읍 양리,107,39,0,6,337
2771025923,대구광역시 달성군 유가읍 용리,51,9,2,8,141
2771025924,대구광역시 달성군 유가읍 봉리,13,15,67,152,357
2771025925,대구광역시 달성군 유가읍 쌍계리,13,25,68,129,366
2771025926,대구광역시 달성군 유가읍 초곡리,13,36,57,107,355
2771025927,대구광역시 달성군 유가읍 상리,13,6,66,149,325
2771025928,대구광역시 달성군 유가읍 금리,13,0,66,152,310
2771025929,대구광역시 달성군 유가읍 유곡리,6,0,45,92,194
2771025930,대구광역시 달성군 유가읍 도의리,1,0,1,16,20
2771025931,대구광역시 달성군 유가읍 가태리,1,0,0,13,15
2771025932,대구광역시 달성군 유가읍 한정리,4,0,0,13,21
2771025933,대구광역시 달성군 유가읍 본말리,4,0,0,7,15
2771026200,대구광역시 달성군 옥포읍,6,9,21,57,138
2771026221,대구광역시 달성군 옥포읍 신당리,5,141,13,29,488
2771026222,대구광역시 달성군 옥포읍 교항리,5,124,17,37,453
2771026223,대구광역시 달성군 옥포읍 강림리,4,119,17,35,434
2771026224,대구광역시 달성군 옥포읍 송촌리,3,161,3,17,512
2771026225,대구광역시 달성군 옥포읍 간경리,8,15,55,64,235
2771026226,대구광역시 달성군 옥포읍 기세리,5,9,20,38,115
2771026227,대구광역시 달성군 옥포읍 반송리,2,140,0,7,431
2771026228,대구광역시 달성군 옥포읍 김흥리,2,114,0,9,355
2771026229,대구광역시 달성군 옥포읍 본리리,4,9,16,36,103
2771026500,대구광역시 달성군 현풍읍,13,15,75,154,375
2771026521,대구광역시 달성군 현풍읍 상리,3,20,81,159,387
2771026522,대구광역시 달성군 현풍읍 중리,1,9,68,150,315
2771026523,대구광역시 달성군 현풍읍 부리,16,20,85,166,428
2771026524,대구광역시 달성군 현풍읍 하리,13,9,68,9,198
2771026525,대구광역시 달성군 현풍읍 성하리,14,20,46,93,273
2771026526,대구광역시 달성군 현풍읍 원교리,12,0,64,148,300
2771026527,대구광역시 달성군 현풍읍 자모리,58,0,0,4,120
2771026528,대구광역시 달성군 현풍읍 오산리,2,0,1,12,18
2771026529,대구광역시 달성군 현풍읍 지리,7,0,36,92,178
2771026530,대구광역시 달성군 현풍읍 대리,5,0,13,43,79
2771026531,대구광역시 달성군 현풍읍 신기리,7,0,13,56,96
2771031000,대구광역시 달성군 가창면,16,12,147,222,584
2771031021,대구광역시 달성군 가창면 용계리,3,443,13,52,1413
2771031022,대구광역시 달성군 가창면 오리,406,388,0,1,1977
2771031023,대구광역시 달성군 가창면 정대리,314,277,0,0,1459
2771031024,대구광역시 달성군 가창면 냉천리,3,408,5,24,1264
2771031025,대구광역시 달성군 가창면 행정리,2,411,6,35,1284
2771031026,대구광역시 달성군 가창면 상원리,2,228,1,9,699
2771031027,대구광역시 달성군 가창면 단산리,2,257,2,16,795
2771031028,대구광역시 달성군 가창면 대일리,2,357,2,23,1102
2771031029,대구광역시 달성군 가창면 주리,262,197,1,12,1129
2771031030,대구광역시 달성군 가창면 옥분리,2,174,3,22,554
2771031031,대구광역시 달성군 가창면 삼산리,121,64,2,13,451
2771031032,대구광역시 달성군 가창면 우록리,55,14,1,11,165
3020013700,대전광역시 유성구 안산동,7,7,46,87,214
3020013800,대전광역시 유성구 외삼동,20,13,106,174,465
2771033000,대구광역시 달성군 하빈면,3,222,1,7,681
2771033021,대구광역시 달성군 하빈면 하산리,4,92,1,9,295
2771033022,대구광역시 달성군 하빈면 묘리,1,95,5,5,302
2771033023,대구광역시 달성군 하빈면 기곡리,1,130,5,5,407
2771033024,대구광역시 달성군 하빈면 대평리,262,155,0,3,992
2771033025,대구광역시 달성군 하빈면 무등리,1,250,0,2,754
2771033026,대구광역시 달성군 하빈면 현내리,1,195,1,4,593
2771033027,대구광역시 달성군 하빈면 감문리,3,4,1,13,33
2771033028,대구광역시 달성군 하빈면 동곡리,2,4,1,17,35
2771033029,대구광역시 달성군 하빈면 봉촌리,2,93,0,7,290
2771038000,대구광역시 달성군 구지면,5,0,12,47,81
2771038021,대구광역시 달성군 구지면 창리,5,0,12,41,75
2771038022,대구광역시 달성군 구지면 응암리,5,0,12,42,76
2771038023,대구광역시 달성군 구지면 고봉리,6,0,13,47,85
2771038024,대구광역시 달성군 구지면 가천리,4,0,11,34,64
3020013400,대전광역시 유성구 자운동,10,3,30,81,170
3020013500,대전광역시 유성구 신봉동,17,10,63,147,337
3020013600,대전광역시 유성구 수남동,14,7,33,53,168
2771038025,대구광역시 달성군 구지면 평촌리,1,0,0,13,15
2771038026,대구광역시 달성군 구지면 예현리,4,0,12,35,67
2771038027,대구광역시 달성군 구지면 유산리,55,0,0,4,114
2771038028,대구광역시 달성군 구지면 목단리,58,0,0,4,120
2771038029,대구광역시 달성군 구지면 대암리,4,0,0,9,17
2771038030,대구광역시 달성군 구지면 내리,5,0,12,38,72
2771038031,대구광역시 달성군 구지면 화산리,5,0,12,38,72
2771038032,대구광역시 달성군 구지면 수리리,5,0,12,37,71
2771038033,대구광역시 달성군 구지면 징리,53,0,0,6,112
2771038034,대구광역시 달성군 구지면 오설리,56,0,0,3,115
2771038035,대구광역시 달성군 구지면 도동리,1,0,0,3,5
2811010100,인천광역시 중구 중앙동1가,40,26,295,503,1251
2811010200,인천광역시 중구 중앙동2가,40,26,305,515,1283
2811010300,인천광역시 중구 중앙동3가,42,26,314,527,1317
2811010400,인천광역시 중구 중앙동4가,45,28,331,553,1389
2811010500,인천광역시 중구 해안동1가,40,26,295,504,1252
2811010600,인천광역시 중구 해안동2가,40,26,305,515,1283
2811010700,인천광역시 중구 해안동3가,40,26,314,529,1315
2811010800,인천광역시 중구 해안동4가,45,28,331,553,1389
2811010900,인천광역시 중구 관동1가,40,26,295,506,1254
2811011000,인천광역시 중구 관동2가,43,27,315,526,1323
2811011100,인천광역시 중구 관동3가,45,29,338,558,1411
2811011200,인천광역시 중구 항동1가,37,26,253,446,1104
2811011300,인천광역시 중구 항동2가,37,26,292,490,1226
2811011400,인천광역시 중구 항동3가,40,26,295,502,1250
2811011500,인천광역시 중구 항동4가,40,26,303,510,1274
2811011600,인천광역시 중구 항동5가,40,26,313,527,1311
2811011700,인천광역시 중구 항동6가,45,27,321,547,1360
2811011800,인천광역시 중구 항동7가,31,34,295,490,1244
2811011900,인천광역시 중구 송학동1가,40,26,296,503,1253
2811012000,인천광역시 중구 송학동2가,44,28,321,535,1349
2811012100,인천광역시 중구 송학동3가,45,29,335,555,1402
2811012200,인천광역시 중구 사동,49,29,346,574,1451
2811012300,인천광역시 중구 신생동,57,37,389,671,1674
2811012400,인천광역시 중구 신포동,49,29,347,581,1460
2811012500,인천광역시 중구 답동,56,30,365,621,1553
2811012600,인천광역시 중구 신흥동1가,58,37,398,689,1712
2811012700,인천광역시 중구 신흥동2가,69,43,398,698,1761
2811012800,인천광역시 중구 신흥동3가,29,16,223,208,760
2811012900,인천광역시 중구 선화동,76,43,411,733,1836
2811013000,인천광역시 중구 유동,68,43,403,702,1773
2811013100,인천광역시 중구 율목동,56,37,393,681,1690
2811013200,인천광역시 중구 도원동,70,43,408,721,1806
2811013300,인천광역시 중구 내동,50,29,346,584,1463
2811013400,인천광역시 중구 경동,54,35,385,657,1640
2811013500,인천광역시 중구 용동,53,29,357,601,1508
2811013600,인천광역시 중구 인현동,49,29,355,590,1485
2811013700,인천광역시 중구 전동,3,28,272,488,1122
2811013800,인천광역시 중구 북성동1가,18,17,108,310,613
2811013900,인천광역시 중구 북성동2가,37,26,248,436,1084
2811014000,인천광역시 중구 북성동3가,37,26,260,462,1134
2811014100,인천광역시 중구 선린동,37,26,281,473,1187
2811014200,인천광역시 중구 송월동1가,33,26,226,420,1016
2811014300,인천광역시 중구 송월동2가,33,26,218,403,983
2811014400,인천광역시 중구 송월동3가,35,26,239,438,1064
2811014500,인천광역시 중구 중산동,10,170,56,154,796
2811014600,인천광역시 중구 운남동,12,5,53,176,321
2811014700,인천광역시 중구 운서동,2,8,3,94,128
2811014800,인천광역시 중구 운북동,3,3,0,50,65
2811014900,인천광역시 중구 을왕동,1,8,3,64,96
2811015000,인천광역시 중구 남북동,1,1,5,72,87
2811015100,인천광역시 중구 덕교동,1,1,3,56,67
2811015200,인천광역시 중구 무의동,1,5,0,16,33
2814010100,인천광역시 동구 만석동,33,26,214,411,983
2814010200,인천광역시 동구 화수동,37,26,216,422,1006
2814010300,인천광역시 동구 송현동,42,24,199,485,1039
2814010400,인천광역시 동구 화평동,44,29,291,518,1275
3020013100,대전광역시 유성구 덕진동,18,133,87,148,757
3020013200,대전광역시 유성구 하기동,25,23,161,334,775
3020013300,대전광역시 유성구 추목동,3,133,8,35,456
2814010500,인천광역시 동구 창영동,69,43,405,711,1788
2814010600,인천광역시 동구 금곡동,69,43,405,708,1785
2814010700,인천광역시 동구 송림동,59,35,375,624,1597
2817710100,인천광역시 미추홀구 숭의동,86,53,632,914,2509
2817710200,인천광역시 미추홀구 용현동,84,39,623,752,2283
2817710300,인천광역시 미추홀구 학익동,62,19,495,658,1829
2817710400,인천광역시 미추홀구 도화동,86,59,690,883,2612
2817710500,인천광역시 미추홀구 주안동,102,87,964,1247,3640
2817710600,인천광역시 미추홀구 관교동,76,80,982,1092,3448
2817710700,인천광역시 미추홀구 문학동,66,64,826,1006,2982
2818510100,인천광역시 연수구 옥련동,65,16,334,554,1400
2818510200,인천광역시 연수구 선학동,41,50,386,632,1636
2818510300,인천광역시 연수구 연수동,58,50,406,589,1667
2818510400,인천광역시 연수구 청학동,57,42,427,570,1664
2818510500,인천광역시 연수구 동춘동,53,40,407,553,1593
2818510600,인천광역시 연수구 송도동,78,59,542,915,2332
2820010100,인천광역시 남동구 구월동,86,77,884,1043,3214
2820010200,인천광역시 남동구 간석동,85,93,1033,1196,3711
2820010300,인천광역시 남동구 만수동,63,64,652,755,2377
2820010400,인천광역시 남동구 장수동,52,19,254,337,1006
2820010500,인천광역시 남동구 서창동,40,16,128,248,632
2820010600,인천광역시 남동구 운연동,44,21,221,323,916
2820010700,인천광역시 남동구 남촌동,53,46,523,694,1984
2820010800,인천광역시 남동구 수산동,67,51,606,687,2186
2820010900,인천광역시 남동구 도림동,40,17,259,347,996
2820011000,인천광역시 남동구 논현동,41,14,228,332,912
2820011100,인천광역시 남동구 고잔동,32,39,321,348,1171
3020012800,대전광역시 유성구 장동,8,142,31,99,603
3020012900,대전광역시 유성구 방현동,16,138,68,129,711
3020013000,대전광역시 유성구 화암동,16,143,102,212,877
2823710100,인천광역시 부평구 부평동,17,85,807,1030,2933
2823710200,인천광역시 부평구 십정동,74,98,975,1001,3393
2823710300,인천광역시 부평구 산곡동,85,85,801,962,2989
2823710400,인천광역시 부평구 청천동,99,57,691,878,2629
2823710500,인천광역시 부평구 삼산동,137,67,971,1197,3614
2823710600,인천광역시 부평구 갈산동,139,79,1054,1225,3848
2823710700,인천광역시 부평구 부개동,122,74,990,1158,3604
2823710800,인천광역시 부평구 일신동,120,60,1099,1218,3836
2823710900,인천광역시 부평구 구산동,77,24,427,579,1659
2824510100,인천광역시 계양구 효성동,12,52,551,658,1940
2824510200,인천광역시 계양구 계산동,64,36,443,540,1662
2824510300,인천광역시 계양구 작전동,100,64,587,772,2338
2824510400,인천광역시 계양구 서운동,103,50,673,743,2445
2824510500,인천광역시 계양구 임학동,60,38,414,473,1535
2824510600,인천광역시 계양구 용종동,70,35,447,513,1652
2824510700,인천광역시 계양구 병방동,49,35,340,399,1282
2824510800,인천광역시 계양구 방축동,47,34,312,389,1209
2824510900,인천광역시 계양구 박촌동,36,29,261,333,1014
2824511000,인천광역시 계양구 동양동,19,15,85,116,369
2824511100,인천광역시 계양구 귤현동,19,18,98,157,445
2824511200,인천광역시 계양구 상야동,18,13,30,93,228
2824511300,인천광역시 계양구 하야동,28,32,140,211,643
2824511400,인천광역시 계양구 평동,23,6,48,104,264
2824511500,인천광역시 계양구 노오지동,25,8,58,112,302
2824511600,인천광역시 계양구 선주지동,25,10,42,99,263
2824511700,인천광역시 계양구 이화동,34,17,192,259,762
2824511800,인천광역시 계양구 오류동,41,14,193,270,780
2824511900,인천광역시 계양구 갈현동,34,14,130,191,561
2824512000,인천광역시 계양구 둑실동,47,26,151,219,693
2824512100,인천광역시 계양구 목상동,26,14,110,188,502
2824512200,인천광역시 계양구 다남동,31,27,168,248,727
2824512300,인천광역시 계양구 장기동,3,3,5,18,43
2826010100,인천광역시 서구 백석동,39,32,162,220,718
2826010200,인천광역시 서구 시천동,40,26,121,210,610
2826010300,인천광역시 서구 검암동,30,24,120,187,559
2826010400,인천광역시 서구 경서동,18,4,127,288,590
2826010500,인천광역시 서구 공촌동,42,38,257,363,1075
2826010600,인천광역시 서구 연희동,39,23,210,354,921
2826010700,인천광역시 서구 심곡동,57,21,296,60,829
2826010800,인천광역시 서구 가정동,63,26,431,671,1737
2826010900,인천광역시 서구 신현동,57,24,375,627,1563
2826011000,인천광역시 서구 석남동,58,30,382,564,1534
2826011100,인천광역시 서구 원창동,39,14,324,612,1380
2826011200,인천광역시 서구 가좌동,46,27,290,447,1200
2826011300,인천광역시 서구 마전동,42,30,194,211,773
2826011400,인천광역시 서구 당하동,54,31,245,296,987
2826011500,인천광역시 서구 원당동,59,26,291,364,1142
2826011700,인천광역시 서구 대곡동,44,25,247,341,998
2826011800,인천광역시 서구 금곡동,20,18,102,150,448
3020012700,대전광역시 유성구 도룡동,38,24,514,603,1779
2826011900,인천광역시 서구 오류동,6,6,13,71,127
2826012000,인천광역시 서구 왕길동,26,23,153,178,605
2826012100,인천광역시 서구 불로동,63,28,317,358,1202
2826012200,인천광역시 서구 청라동,44,17,302,637,1380
2871025000,인천광역시 강화군 강화읍,9,0,70,92,250
2871025021,인천광역시 강화군 강화읍 신문리,9,0,70,92,250
2871025022,인천광역시 강화군 강화읍 관청리,9,0,70,88,246
2871025023,인천광역시 강화군 강화읍 국화리,6,0,60,80,212
2871025024,인천광역시 강화군 강화읍 남산리,12,0,70,103,267
2871025025,인천광역시 강화군 강화읍 갑곳리,9,0,70,92,250
2871025026,인천광역시 강화군 강화읍 용정리,9,0,70,86,244
2871025027,인천광역시 강화군 강화읍 옥림리,9,0,70,81,239
2871025028,인천광역시 강화군 강화읍 월곳리,8,0,3,17,39
2871025029,인천광역시 강화군 강화읍 대산리,8,0,12,31,71
2871031000,인천광역시 강화군 선원면,3,0,15,41,77
2871031021,인천광역시 강화군 선원면 금월리,6,0,1,34,48
2871031022,인천광역시 강화군 선원면 연리,6,8,1,19,57
2871031023,인천광역시 강화군 선원면 지산리,3,3,17,36,85
2871031024,인천광역시 강화군 선원면 신정리,5,0,58,75,201
2871031025,인천광역시 강화군 선원면 창리,9,0,70,99,257
2871031026,인천광역시 강화군 선원면 선행리,7,0,20,44,98
2871031027,인천광역시 강화군 선원면 냉정리,6,0,8,28,56
2871032000,인천광역시 강화군 불은면,6,3,1,21,44
2871032021,인천광역시 강화군 불은면 두운리,3,3,0,12,27
2871032022,인천광역시 강화군 불은면 고능리,3,8,1,13,45
2871032023,인천광역시 강화군 불은면 오두리,3,13,3,7,58
2871032024,인천광역시 강화군 불은면 넙성리,3,13,2,9,58
2871032025,인천광역시 강화군 불은면 신현리,2,16,8,33,101
2871032026,인천광역시 강화군 불은면 삼동암리,9,0,0,17,35
2871032027,인천광역시 강화군 불은면 삼성리,6,0,0,18,30
2871032028,인천광역시 강화군 불은면 덕성리,4,19,2,35,104
2871033000,인천광역시 강화군 길상면,3,8,9,88,136
2871033021,인천광역시 강화군 길상면 온수리,2,8,8,37,81
2871033022,인천광역시 강화군 길상면 선두리,3,9,6,58,103
2871033023,인천광역시 강화군 길상면 동검리,1,30,0,25,117
2871033024,인천광역시 강화군 길상면 초지리,2,27,6,64,161
2871033025,인천광역시 강화군 길상면 장흥리,1,30,1,53,147
2871033026,인천광역시 강화군 길상면 길직리,5,8,8,36,86
2871034000,인천광역시 강화군 화도면,7,0,1,63,79
2871034021,인천광역시 강화군 화도면 내리,4,0,1,22,32
2871034022,인천광역시 강화군 화도면 상방리,7,0,1,25,41
2871034023,인천광역시 강화군 화도면 문산리,7,0,1,18,34
2871034024,인천광역시 강화군 화도면 덕포리,7,0,1,23,39
2871034025,인천광역시 강화군 화도면 사기리,1,3,0,34,45
2871034026,인천광역시 강화군 화도면 동막리,36,6,0,31,121
2871034027,인천광역시 강화군 화도면 흥왕리,1,0,0,13,15
2871034028,인천광역시 강화군 화도면 여차리,27,0,0,12,66
2871034029,인천광역시 강화군 화도면 장화리,28,0,0,21,77
2871035000,인천광역시 강화군 양도면,4,0,0,16,24
2871035021,인천광역시 강화군 양도면 하일리,4,0,0,13,21
2871035022,인천광역시 강화군 양도면 능내리,7,0,1,14,30
2871035023,인천광역시 강화군 양도면 건평리,1,0,0,13,15
2871035024,인천광역시 강화군 양도면 인산리,1,0,0,12,14
2871035025,인천광역시 강화군 양도면 삼흥리,1,0,0,12,14
2871035026,인천광역시 강화군 양도면 길정리,3,0,3,16,28
2871035027,인천광역시 강화군 양도면 도장리,3,0,0,16,22
2871035028,인천광역시 강화군 양도면 조산리,7,0,1,17,33
2871036000,인천광역시 강화군 내가면,3,0,0,19,25
2871036021,인천광역시 강화군 내가면 고천리,2,0,0,9,13
2871036022,인천광역시 강화군 내가면 오상리,2,0,0,6,10
2871036023,인천광역시 강화군 내가면 외포리,2,0,0,26,30
2871036024,인천광역시 강화군 내가면 황청리,2,0,0,22,26
2871036025,인천광역시 강화군 내가면 구하리,3,0,0,10,16
2871037000,인천광역시 강화군 하점면,3,0,1,13,21
2871037021,인천광역시 강화군 하점면 신봉리,2,0,0,11,15
2871037022,인천광역시 강화군 하점면 장정리,4,0,1,10,20
2871037023,인천광역시 강화군 하점면 부근리,3,0,1,13,21
2871037024,인천광역시 강화군 하점면 삼거리,3,0,1,1,9
2871037025,인천광역시 강화군 하점면 신삼리,3,0,0,5,11
2871037026,인천광역시 강화군 하점면 망월리,1,0,1,3,7
2871037027,인천광역시 강화군 하점면 창후리,1,0,1,6,10
2871037028,인천광역시 강화군 하점면 이강리,2,0,1,7,13
2871038000,인천광역시 강화군 양사면,3,0,0,8,14
2871038021,인천광역시 강화군 양사면 철산리,1,0,0,1,3
2871038022,인천광역시 강화군 양사면 덕하리,1,0,0,4,6
2871038023,인천광역시 강화군 양사면 북성리,1,0,0,1,3
2871038024,인천광역시 강화군 양사면 교산리,1,0,0,4,6
2871038025,인천광역시 강화군 양사면 인화리,29,0,1,6,66
2871039000,인천광역시 강화군 송해면,9,0,25,55,123
2871039021,인천광역시 강화군 송해면 솔정리,8,0,7,38,68
2871039022,인천광역시 강화군 송해면 신당리,9,0,35,59,147
2871039023,인천광역시 강화군 송해면 숭뢰리,1,0,0,7,9
2871039024,인천광역시 강화군 송해면 당산리,23,0,0,5,51
2871039025,인천광역시 강화군 송해면 상도리,1,0,1,13,17
2871039026,인천광역시 강화군 송해면 하도리,2,0,5,33,47
2871039027,인천광역시 강화군 송해면 양오리,2,0,1,9,15
2871040021,인천광역시 강화군 교동면 대룡리,4,0,0,20,28
2871040022,인천광역시 강화군 교동면 읍내리,4,0,0,20,28
2871040023,인천광역시 강화군 교동면 상용리,4,0,0,20,28
2871040024,인천광역시 강화군 교동면 봉소리,13,0,0,2,28
2871040025,인천광역시 강화군 교동면 고구리,4,0,0,20,28
2871040026,인천광역시 강화군 교동면 삼선리,5,0,0,16,26
2871040027,인천광역시 강화군 교동면 인사리,2,0,0,1,5
2871040028,인천광역시 강화군 교동면 난정리,6,0,0,2,14
2871040029,인천광역시 강화군 교동면 양갑리,4,0,0,18,26
2871040030,인천광역시 강화군 교동면 동산리,9,0,0,2,20
2871040031,인천광역시 강화군 교동면 서한리,6,0,0,2,14
2871040032,인천광역시 강화군 교동면 무학리,1,0,0,2,4
2871040033,인천광역시 강화군 교동면 지석리,1,0,0,0,2
2871041000,인천광역시 강화군 삼산면,3,0,0,26,32
2871041021,인천광역시 강화군 삼산면 석모리,1,0,0,17,19
2871041022,인천광역시 강화군 삼산면 상리,1,0,0,0,2
2871041023,인천광역시 강화군 삼산면 하리,16,0,0,0,32
2871041024,인천광역시 강화군 삼산면 석포리,3,0,0,20,26
2871041025,인천광역시 강화군 삼산면 매음리,2,0,0,21,25
2871041026,인천광역시 강화군 삼산면 서검리,11,0,0,0,22
2871041027,인천광역시 강화군 삼산면 미법리,13,0,0,0,26
2871042000,인천광역시 강화군 서도면,2,0,0,1,5
2871042021,인천광역시 강화군 서도면 주문도리,2,0,0,1,5
2871042022,인천광역시 강화군 서도면 아차도리,2,0,0,1,5
2871042023,인천광역시 강화군 서도면 말도리,2,0,0,0,4
2871042024,인천광역시 강화군 서도면 볼음도리,3,0,0,0,6
2872031000,인천광역시 옹진군 북도면,4,11,0,12,53
2872031021,인천광역시 옹진군 북도면 시도리,2,11,0,9,46
2872031022,인천광역시 옹진군 북도면 신도리,2,11,0,10,47
2872031023,인천광역시 옹진군 북도면 모도리,1,11,0,8,43
2872031024,인천광역시 옹진군 북도면 장봉리,2,1,0,3,10
2872033000,인천광역시 옹진군 백령면,2,0,5,11,25
2872033021,인천광역시 옹진군 백령면 진촌리,1,0,4,8,18
2872033022,인천광역시 옹진군 백령면 북포리,1,0,1,5,9
2872033023,인천광역시 옹진군 백령면 가을리,1,0,1,2,6
2872033024,인천광역시 옹진군 백령면 연화리,1,0,0,2,4
2872033025,인천광역시 옹진군 백령면 남포리,4,0,0,0,8
2872034000,인천광역시 옹진군 대청면,3,0,0,2,8
2872034021,인천광역시 옹진군 대청면 대청리,2,0,0,2,6
2872034022,인천광역시 옹진군 대청면 소청리,1,0,0,0,2
2872035000,인천광역시 옹진군 덕적면,2,0,0,6,10
2872035021,인천광역시 옹진군 덕적면 북리,1,0,0,0,2
2872035022,인천광역시 옹진군 덕적면 진리,2,0,0,4,8
2872035023,인천광역시 옹진군 덕적면 서포리,1,0,0,0,2
2872035024,인천광역시 옹진군 덕적면 소야리,1,0,0,5,7
2872035025,인천광역시 옹진군 덕적면 울도리,0,0,0,0,0
2872035026,인천광역시 옹진군 덕적면 백아리,0,0,0,0,0
2872035027,인천광역시 옹진군 덕적면 문갑리,2,0,0,1,5
2872035028,인천광역시 옹진군 덕적면 굴업리,1,0,0,0,2
2872036000,인천광역시 옹진군 영흥면,3,0,2,40,50
2872036021,인천광역시 옹진군 영흥면 외리,2,0,0,10,14
2872036022,인천광역시 옹진군 영흥면 내리,2,0,2,23,31
2872036023,인천광역시 옹진군 영흥면 선재리,1,0,0,18,20
2872037000,인천광역시 옹진군 자월면,4,0,0,7,15
2872037021,인천광역시 옹진군 자월면 자월리,1,0,0,3,5
2872037022,인천광역시 옹진군 자월면 이작리,2,0,0,3,7
2872037023,인천광역시 옹진군 자월면 승봉리,1,0,0,2,4
2872038000,인천광역시 옹진군 연평면,2,0,2,1,9
2872038021,인천광역시 옹진군 연평면 연평리,2,0,2,1,9
2911010100,광주광역시 동구 대인동,106,48,969,1332,3626
2911010200,광주광역시 동구 금남로5가,114,49,1018,1388,3799
2911010300,광주광역시 동구 충장로5가,117,49,1034,1377,3826
2911010400,광주광역시 동구 수기동,112,49,1049,1378,3847
2911010500,광주광역시 동구 대의동,108,43,890,1240,3365
2911010600,광주광역시 동구 궁동,5,41,897,1283,3210
2911010700,광주광역시 동구 장동,101,44,861,1167,3223
2911010800,광주광역시 동구 동명동,88,41,805,1167,3076
2911010900,광주광역시 동구 계림동,103,39,833,1212,3201
2911011000,광주광역시 동구 산수동,72,36,745,1063,2805
2911011100,광주광역시 동구 지산동,64,41,696,975,2618
2911011200,광주광역시 동구 남동,106,46,839,1172,3200
2911011300,광주광역시 동구 광산동,109,46,875,1207,3313
2911011400,광주광역시 동구 금동,104,46,869,5,2089
2911011500,광주광역시 동구 호남동,112,49,1017,1342,3747
2911011600,광주광역시 동구 불로동,113,50,897,1255,3425
2911011700,광주광역시 동구 황금동,117,46,907,1277,3463
2911011800,광주광역시 동구 서석동,73,36,682,994,2612
2911011900,광주광역시 동구 소태동,9,12,72,120,318
2911012000,광주광역시 동구 용연동,300,85,0,6,861
2911012100,광주광역시 동구 운림동,2,85,8,31,306
2911012200,광주광역시 동구 학동,72,36,731,1030,2744
2911012300,광주광역시 동구 월남동,4,7,17,36,99
2911012400,광주광역시 동구 선교동,3,85,2,12,277
2911012500,광주광역시 동구 내남동,3,2,2,14,30
2911012600,광주광역시 동구 용산동,40,19,505,433,1580
2911012700,광주광역시 동구 충장로1가,111,44,895,1260,3404
2911012800,광주광역시 동구 충장로2가,115,45,921,1287,3494
2911012900,광주광역시 동구 충장로3가,117,49,940,1319,3580
2911013000,광주광역시 동구 충장로4가,118,49,1029,1356,3797
2911013100,광주광역시 동구 금남로1가,107,44,896,1254,3392
2911013200,광주광역시 동구 금남로2가,110,42,918,1292,3474
2911013300,광주광역시 동구 금남로3가,113,44,930,1303,3521
2911013400,광주광역시 동구 금남로4가,115,49,936,1330,3579
2914010400,광주광역시 서구 양동,3,54,1023,1494,3708
2914010600,광주광역시 서구 농성동,109,49,768,1216,3117
2914011500,광주광역시 서구 광천동,95,40,675,921,2581
2914011600,광주광역시 서구 유촌동,58,29,522,625,1872
2914011700,광주광역시 서구 덕흥동,49,19,456,641,1708
2914011800,광주광역시 서구 쌍촌동,87,42,656,796,2408
2914011900,광주광역시 서구 화정동,107,40,801,902,2838
2914012000,광주광역시 서구 치평동,38,28,384,494,1422
2914012100,광주광역시 서구 내방동,96,40,746,879,2683
2914012500,광주광역시 서구 서창동,12,6,25,84,176
2914012600,광주광역시 서구 세하동,7,7,71,117,294
2914012700,광주광역시 서구 용두동,3,112,4,13,363
2914012800,광주광역시 서구 풍암동,97,112,508,636,2182
2914012900,광주광역시 서구 벽진동,27,21,223,272,835
2914013000,광주광역시 서구 금호동,69,29,507,680,1919
2914013100,광주광역시 서구 마륵동,44,29,412,552,1551
2914013200,광주광역시 서구 매월동,31,112,151,243,943
2914013300,광주광역시 서구 동천동,50,25,585,702,2047
2915510100,광주광역시 남구 사동,110,53,925,1241,3470
2915510200,광주광역시 남구 구동,113,49,1055,1349,3832
2915510300,광주광역시 남구 서동,5,54,1069,1342,3652
2915510400,광주광역시 남구 월산동,118,54,1061,1361,3881
2915510500,광주광역시 남구 백운동,114,55,987,1261,3628
2915510600,광주광역시 남구 주월동,112,28,749,849,2655
2915510700,광주광역시 남구 노대동,23,2,179,194,604
2915510800,광주광역시 남구 진월동,57,112,458,485,1851
2915510900,광주광역시 남구 덕남동,11,112,56,89,559
2915511000,광주광역시 남구 행암동,24,112,163,177,887
2915511100,광주광역시 남구 임암동,31,112,104,222,828
2915511200,광주광역시 남구 송하동,42,112,232,297,1181
2915511300,광주광역시 남구 양림동,102,46,913,1188,3356
2915511400,광주광역시 남구 방림동,91,46,804,1074,3002
2915511500,광주광역시 남구 봉선동,100,46,807,1076,3028
2915511600,광주광역시 남구 구소동,5,66,2,6,218
2915511700,광주광역시 남구 양촌동,1,59,0,2,181
2915511800,광주광역시 남구 도금동,1,112,4,18,364
2915511900,광주광역시 남구 승촌동,4,46,8,5,167
2915512000,광주광역시 남구 지석동,1,112,4,14,360
2915512100,광주광역시 남구 압촌동,4,112,4,36,388
2915512200,광주광역시 남구 화장동,1,76,0,2,232
2915512300,광주광역시 남구 칠석동,2,112,17,22,396
2915512400,광주광역시 남구 석정동,2,112,4,12,360
2915512500,광주광역시 남구 신장동,3,85,19,18,317
2915512600,광주광역시 남구 양과동,4,112,44,68,500
2915512700,광주광역시 남구 이장동,3,112,18,47,425
2915512800,광주광역시 남구 대지동,2,112,4,10,358
2915512900,광주광역시 남구 원산동,8,112,32,107,523
2915513000,광주광역시 남구 월성동,2,81,4,8,263
2917010100,광주광역시 북구 중흥동,109,44,952,1351,3605
2917010200,광주광역시 북구 유동,117,49,960,1451,3752
2917010300,광주광역시 북구 누문동,124,51,1020,1447,3888
2917010400,광주광역시 북구 북동,4,44,1013,1426,3592
2917010500,광주광역시 북구 임동,5,40,793,1195,2911
2917010600,광주광역시 북구 신안동,118,38,828,1249,3255
2917010700,광주광역시 북구 용봉동,88,7,650,840,2337
2917010800,광주광역시 북구 동림동,56,112,454,552,1908
2917010900,광주광역시 북구 운암동,57,18,512,700,1892
2917011000,광주광역시 북구 우산동,85,24,595,1145,2577
2917011100,광주광역시 북구 풍향동,89,36,722,1180,2910
2917011200,광주광역시 북구 문흥동,59,97,424,637,1894
2917011300,광주광역시 북구 각화동,43,92,279,339,1259
2917011400,광주광역시 북구 두암동,75,19,490,998,2185
2917011500,광주광역시 북구 오치동,12,94,75,100,556
2917011600,광주광역시 북구 삼각동,53,108,309,540,1588
2917011700,광주광역시 북구 매곡동,77,108,450,734,2112
2917011800,광주광역시 북구 충효동,3,66,0,19,223
2917011900,광주광역시 북구 덕의동,1,78,0,20,256
2917012000,광주광역시 북구 금곡동,313,71,0,2,841
2917012100,광주광역시 북구 망월동,6,85,26,43,362
2917012200,광주광역시 북구 청풍동,11,85,58,66,459
2917012300,광주광역시 북구 화암동,6,85,9,50,335
2917012400,광주광역시 북구 장등동,14,86,64,98,512
2917012500,광주광역시 북구 운정동,2,83,0,7,260
2917012600,광주광역시 북구 본촌동,34,101,191,309,1062
2917012700,광주광역시 북구 일곡동,45,108,261,388,1324
2917012800,광주광역시 북구 양산동,43,108,328,404,1470
2917012900,광주광역시 북구 연제동,58,112,440,577,1909
2917013000,광주광역시 북구 신용동,56,106,321,437,1509
2917013100,광주광역시 북구 용두동,34,106,292,384,1354
2917013200,광주광역시 북구 지야동,19,92,88,150,640
2917013300,광주광역시 북구 태령동,2,64,0,12,208
2917013400,광주광역시 북구 수곡동,2,76,0,11,243
2917013500,광주광역시 북구 효령동,5,81,0,20,273
2917013600,광주광역시 북구 용전동,6,79,8,48,313
2917013700,광주광역시 북구 용강동,5,66,0,24,232
