sigungu_code,region_name,school,subway,hospital,cafe,academy,department,convenience,park,total_score,전세_평균보증금,전세_평균면적,전세_거래건수,월세_평균보증금,월세_평균월세,월세_평균면적,월세_거래건수,전체_거래건수
2720000000,대구광역시 남구,368,351,3781,4529,6138,1339,1401,63,17970,13650.0,56.13,2.0,662.5,48.0,34.24875,8.0,10.0
2717000000,대구광역시 서구,411,341,3954,4805,6541,1325,1560,796,19733,0.0,0.0,0.0,0.0,0.0,0.0,0.0,0.0
2611000000,부산광역시 중구,319,342,2821,3379,2883,1091,1250,638,12723,6000.0,21.14,1.0,4277.777777777777,30.0,25.474444444444444,9.0,10.0
2614000000,부산광역시 서구,294,325,2521,2996,2367,1086,1115,518,11222,0.0,0.0,0.0,3334.0,31.4,24.8,10.0,10.0
2617000000,부산광역시 동구,21,454,3600,4409,131,1123,1541,774,12053,13295.0,36.9425,4.0,2865.1666666666665,44.16666666666666,34.45666666666667,6.0,10.0
2620000000,부산광역시 영도구,141,143,1233,1592,1080,454,563,274,5480,20000.0,58.44,1.0,777.7777777777778,42.22222222222222,25.757777777777772,9.0,10.0
2623000000,부산광역시 부산진구,466,589,4510,5252,5432,2102,1777,950,21078,8000.0,21.12,1.0,2222.222222222222,41.11111111111112,27.39444444444445,9.0,10.0
2626000000,부산광역시 동래구,399,511,3872,4507,5420,1726,1435,768,18638,19250.0,52.8925,4.0,1633.3333333333333,46.66666666666666,28.426666666666662,6.0,10.0
2629000000,부산광역시 남구,387,494,3937,4788,4710,1895,1581,120,17912,12000.0,29.98,1.0,844.4444444444445,44.22222222222222,26.155555555555555,9.0,10.0
2632000000,부산광역시 북구,290,283,1873,1931,2445,662,792,628,8904,6100.0,31.126666666666665,3.0,1285.7142857142858,44.42857142857143,32.49142857142857,7.0,10.0
2635000000,부산광역시 해운대구,136,170,1168,1522,1846,857,509,287,6495,29150.0,88.62333333333333,3.0,785.7142857142857,54.85714285714285,33.87428571428571,7.0,10.0
2638000000,부산광역시 사하구,256,247,1645,2187,1989,457,848,507,8136,18666.666666666668,75.13,3.0,2257.1428571428573,25.714285714285715,23.72142857142857,7.0,10.0
2641000000,부산광역시 금정구,288,300,1955,2329,3375,292,757,436,9732,16000.0,69.15,1.0,2111.1111111111118,39.11111111111112,31.182222222222222,9.0,10.0
2644000000,부산광역시 강서구,277,186,1241,1713,2212,62,749,624,7064,16850.0,51.1575,4.0,916.6666666666666,42.5,29.706666666666667,6.0,10.0
2647000000,부산광역시 연제구,424,517,4099,4838,5452,1727,1617,814,19488,0.0,0.0,0.0,1360.0,36.4,23.562,10.0,10.0
2650000000,부산광역시 수영구,347,454,3592,4307,4871,1641,1403,731,17346,10000.0,23.32,1.0,3500.0,43.11111111111112,28.989999999999995,9.0,10.0
2653000000,부산광역시 사상구,327,411,2558,3178,2703,1100,1165,739,12181,7300.0,24.22,2.0,1425.0,39.625,21.91375,8.0,10.0
2671000000,부산광역시 기장군,82,36,281,645,579,25,230,212,2090,8500.0,43.885,2.0,587.5,40.875,26.28625,8.0,10.0
2711000000,대구광역시 중구,329,340,3482,4305,5319,1169,1323,629,16896,11580.0,41.622,5.0,1900.0,69.0,44.258,5.0,10.0
2714000000,대구광역시 동구,77,309,3122,4037,966,1147,1173,590,11421,19000.0,49.96,1.0,1638.888888888889,46.44444444444444,31.36333333333333,9.0,10.0
2723000000,대구광역시 북구,378,343,3772,4584,5901,1152,1451,735,18316,7700.0,29.91,2.0,2400.0,42.0,38.5425,8.0,10.0
2726000000,대구광역시 수성구,100,94,1066,1290,2839,107,360,114,5970,12950.0,51.595,2.0,3162.5,59.0,55.19875,8.0,10.0
2729000000,대구광역시 달서구,303,284,2800,3457,4188,771,1098,626,13527,12500.0,65.64500000000001,2.0,3350.0,59.125,55.2175,8.0,10.0
2771000000,대구광역시 달성군,76,33,300,607,819,31,251,129,2246,18000.0,84.81,1.0,2455.555555555556,44.22222222222222,35.61,9.0,10.0
2811000000,인천광역시 중구,258,167,1847,3179,2704,653,1434,949,11191,10830.0,23.336666666666662,3.0,764.2857142857143,57.57142857142857,27.678571428571427,7.0,10.0
2814000000,인천광역시 동구,21,225,2721,3797,78,678,1662,1116,10298,13066.666666666666,64.11333333333333,3.0,2714.285714285714,50.142857142857146,23.487142857142857,7.0,10.0
2817700000,인천광역시 미추홀구,365,274,2961,4125,3865,688,1815,1187,15280,8000.0,20.74,1.0,866.6666666666666,58.0,38.70444444444445,9.0,10.0
2818500000,인천광역시 연수구,344,220,2443,3458,3977,641,1539,1031,13653,17800.0,52.4125,8.0,1600.0,92.5,57.415,2.0,10.0
2820000000,인천광역시 남동구,523,319,3815,4924,5389,1303,2156,1311,19740,13275.0,50.4375,4.0,1133.3333333333333,56.833333333333336,28.33833333333333,6.0,10.0
2823700000,인천광역시 부평구,541,328,4012,5075,5213,1321,2205,1344,20039,15750.0,78.93,1.0,1332.5555555555557,61.55555555555556,47.99888888888889,9.0,10.0
2824500000,인천광역시 계양구,495,285,3225,4055,4888,900,1823,1083,16754,0.0,0.0,0.0,490.0,40.4,31.124,10.0,10.0
2826000000,인천광역시 서구,317,196,1997,2748,3546,98,1272,960,11134,20750.0,56.4275,4.0,1666.6666666666667,70.83333333333333,53.305,6.0,10.0
2871000000,인천광역시 강화군,47,8,87,410,78,6,140,40,816,0.0,0.0,0.0,1000.0,40.0,28.13,2.0,2.0
2872000000,인천광역시 옹진군,20,0,9,79,5,0,38,19,170,0.0,0.0,0.0,0.0,0.0,0.0,0.0,0.0
2911000000,광주광역시 동구,27,85,2152,2914,440,771,887,669,7945,11400.0,32.658,5.0,440.0,43.0,29.224,5.0,10.0
2914000000,광주광역시 서구,347,92,2631,3519,4557,803,1102,842,13893,13166.666666666666,37.083333333333336,3.0,757.1428571428571,59.285714285714285,36.81142857142857,7.0,10.0
2915500000,광주광역시 남구,272,85,2133,2877,3384,780,871,101,10503,17250.0,66.475,2.0,437.5,31.75,25.645,8.0,10.0
2917000000,광주광역시 북구,323,85,2467,3331,4080,789,1035,797,12907,15566.666666666666,65.40666666666667,3.0,2742.8571428571427,48.0,60.60857142857143,7.0,10.0
2920000000,광주광역시 광산구,175,56,1141,1659,2148,70,642,577,6468,19300.0,41.03333333333333,3.0,828.5714285714286,58.71428571428572,50.01857142857143,7.0,10.0
3011000000,대전광역시 동구,58,82,1546,2170,392,396,781,472,5897,0.0,0.0,0.0,0.0,0.0,0.0,0.0,0.0
3014000000,대전광역시 중구,289,110,2255,3146,2896,623,1091,732,11142,0.0,0.0,0.0,2500.0,50.0,62.21,1.0,1.0
3017000000,대전광역시 서구,352,141,2575,3894,3733,630,1310,870,13505,0.0,0.0,0.0,1400.0,43.5,36.106,10.0,10.0
3020000000,대전광역시 유성구,330,123,2422,3675,3606,612,1194,792,12754,0.0,0.0,0.0,1810.0,44.2,33.796,10.0,10.0
3023000000,대전광역시 대덕구,310,115,2403,3502,3169,628,1221,855,12203,0.0,0.0,0.0,600.0,42.0,35.223333333333336,3.0,3.0
3111000000,울산광역시 중구,231,6,1131,1867,2611,577,698,466,7587,10600.0,31.75,2.0,675.0,48.375,26.75625,8.0,10.0
3114000000,울산광역시 남구,204,7,1058,1801,2447,572,669,232,6990,16325.0,55.63,4.0,716.6666666666666,53.833333333333336,33.49,6.0,10.0
3117000000,울산광역시 동구,43,2,275,489,406,251,264,187,1917,16500.0,55.76,2.0,3562.5,55.0,63.7275,8.0,10.0
3120000000,울산광역시 북구,214,3,1041,1709,2295,567,636,408,6873,8500.0,158.0,1.0,350.0,52.5,87.22,2.0,3.0
3171000000,울산광역시 울주군,100,8,212,643,533,15,273,193,1977,7750.0,22.91,2.0,550.0,42.875,34.645,8.0,10.0
3611000000,세종특별자치시,93,0,499,991,1713,20,338,358,4012,0.0,0.0,0.0,0.0,0.0,0.0,0.0,0.0
4113000000,경기도 성남시,271,177,2621,3039,4044,866,1131,706,12855,0.0,0.0,0.0,0.0,0.0,0.0,0.0,0.0
4111700000,경기도 수원시 영통구,487,147,3032,4826,6493,653,1825,1235,18698,35904.28571428572,61.22857142857144,7.0,1000.0,95.0,32.06666666666667,3.0,10.0
4111000000,경기도 수원시,576,161,3417,5497,7581,675,2099,1430,21436,0.0,0.0,0.0,0.0,0.0,0.0,0.0,0.0
4111100000,경기도 수원시 장안구,393,118,2607,4001,5104,332,1453,983,14991,31333.33333333333,84.65,6.0,9500.0,76.25,70.7775,4.0,10.0
4111300000,경기도 수원시 권선구,308,86,2087,3269,3891,235,1325,766,11967,22000.0,71.27,1.0,1222.2222222222222,60.22222222222222,38.71222222222222,9.0,10.0
4111500000,경기도 수원시 팔달구,404,118,2618,4157,5457,333,1551,1063,15701,15250.0,52.725,2.0,1375.0,51.5,29.80875,8.0,10.0
4113100000,경기도 성남시 수정구,309,265,2912,3485,3904,1187,1245,936,14243,31185.0,47.2775,4.0,1666.6666666666667,93.83333333333331,29.01,6.0,10.0
4113300000,경기도 성남시 중원구,279,208,2719,3101,3959,866,1149,786,13067,15616.666666666666,27.83333333333333,3.0,1618.571428571429,58.142857142857146,23.18142857142857,7.0,10.0
4113500000,경기도 성남시 분당구,249,129,2407,2796,4150,959,1013,628,12331,22740.0,25.714,5.0,3600.0,90.8,40.17,5.0,10.0
4115000000,경기도 의정부시,113,74,722,987,1149,161,460,241,3907,21900.0,71.83,1.0,991.1111111111112,57.66666666666666,40.34777777777778,9.0,10.0
4117000000,경기도 안양시,291,115,1842,2599,3277,326,953,876,10279,0.0,0.0,0.0,0.0,0.0,0.0,0.0,0.0
4117100000,경기도 안양시 만안구,320,102,1991,2749,3585,328,1008,886,10969,16750.0,32.52,4.0,3250.0,54.5,26.85333333333333,6.0,10.0
4117300000,경기도 안양시 동안구,302,120,1892,2646,3365,326,970,881,10502,30040.4,58.848,5.0,3600.0,77.8,46.704,5.0,10.0
4119000000,경기도 부천시,613,330,4113,4838,5723,932,2199,1460,20208,0.0,0.0,0.0,0.0,0.0,0.0,0.0,0.0
4121000000,경기도 광명시,670,435,5708,6747,8220,1182,2729,1660,27351,16821.428571428572,33.39857142857143,7.0,833.3333333333334,63.66666666666666,24.593333333333334,3.0,10.0
4122000000,경기도 평택시,565,33,1846,3567,3744,297,2233,1299,13584,15500.0,36.6175,4.0,333.3333333333333,59.833333333333336,33.37,6.0,10.0
4145000000,경기도 하남시,151,65,797,1070,1755,115,392,372,4717,22450.0,43.3325,4.0,1750.0,88.16666666666667,30.951666666666668,6.0,10.0
4125000000,경기도 동두천시,345,93,1249,2195,2022,212,1173,577,7866,9333.333333333334,67.29333333333334,3.0,928.5714285714286,46.71428571428572,44.63428571428572,7.0,10.0
4127000000,경기도 안산시,254,72,1131,1763,1900,225,1024,790,7159,0.0,0.0,0.0,0.0,0.0,0.0,0.0,0.0
4127100000,경기도 안산시 상록구,205,62,987,1404,1535,218,812,688,5911,18300.0,53.574,5.0,1200.0,54.0,35.774,5.0,10.0
4127300000,경기도 안산시 단원구,242,70,1191,1789,1845,228,1063,788,7216,0.0,0.0,0.0,450.0,44.1,23.065,10.0,10.0
4128000000,경기도 고양시,256,121,1635,2427,3580,639,944,724,10326,0.0,0.0,0.0,0.0,0.0,0.0,0.0,0.0
4128100000,경기도 고양시 덕양구,290,149,1887,2715,4080,645,1032,796,11594,31000.0,59.1525,4.0,3166.6666666666665,80.16666666666667,35.76166666666666,6.0,10.0
4128500000,경기도 고양시 일산동구,285,117,1829,2584,4101,652,995,828,11391,26066.6,56.662,5.0,1500.0,91.8,46.958,5.0,10.0
4128700000,경기도 고양시 일산서구,286,104,1620,2674,4081,641,969,748,11123,29316.666666666668,64.515,6.0,7750.0,51.25,47.400000000000006,4.0,10.0
4129000000,경기도 과천시,340,245,3233,4277,4826,354,1436,881,15592,55166.66666666666,79.01333333333334,3.0,7857.142857142857,106.0,34.401428571428575,7.0,10.0
4131000000,경기도 구리시,551,380,4637,5330,6988,837,2025,1304,22052,15125.0,32.2175,4.0,757.6666666666666,49.16666666666666,24.92,6.0,10.0
4136000000,경기도 남양주시,254,81,1187,1782,2616,270,780,431,7401,28700.0,53.04,5.0,1700.0,65.2,29.188,5.0,10.0
4137000000,경기도 오산시,1104,239,5245,9026,11993,898,4047,2723,35275,15125.0,40.075,4.0,916.6666666666666,49.0,21.25,6.0,10.0
4139000000,경기도 시흥시,296,87,1397,2040,2603,223,1114,711,8471,13766.666666666666,28.72,3.0,842.8571428571429,45.85714285714285,25.865714285714287,7.0,10.0
4141000000,경기도 군포시,102,32,552,774,940,19,312,315,3046,19794.0,34.684000000000005,5.0,2300.0,54.6,32.67,5.0,10.0
4143000000,경기도 의왕시,1995,1114,16581,20742,27091,4294,7925,5166,84908,7200.0,22.855,2.0,1987.5,42.0,25.1225,8.0,10.0
4146000000,경기도 용인시,369,106,1546,2703,4156,189,1138,597,10804,0.0,0.0,0.0,0.0,0.0,0.0,0.0,0.0
4146100000,경기도 용인시 처인구,160,49,492,1150,1173,28,580,248,3880,15700.0,33.82,1.0,1388.888888888889,51.44444444444444,22.112222222222226,9.0,10.0
4146300000,경기도 용인시 기흥구,351,151,2512,3517,5287,284,1225,863,14190,28333.33333333333,76.10333333333334,3.0,2542.8571428571427,68.85714285714286,34.568571428571424,7.0,10.0
4146500000,경기도 용인시 수지구,364,126,2632,3478,5820,964,1170,838,15392,25000.0,51.23,1.0,1273.7777777777778,61.333333333333336,22.19666666666667,9.0,10.0
4148000000,경기도 파주시,225,27,617,1514,1425,22,730,375,4935,0.0,0.0,0.0,950.0,55.9,25.189,10.0,10.0
4150000000,경기도 이천시,248,31,607,1445,1200,63,931,424,4949,11900.0,30.205,2.0,537.5,54.5,28.04125,8.0,10.0
4155000000,경기도 안성시,305,12,776,1651,1437,52,1009,430,5672,2500.0,15.0,1.0,305.55555555555554,34.666666666666664,18.725555555555555,9.0,10.0
4157000000,경기도 김포시,642,327,3642,5579,8002,906,2286,1753,23137,15400.0,32.504999999999995,2.0,512.5,47.875,25.79375,8.0,10.0
4159000000,경기도 화성시,870,172,3980,6729,8214,811,3392,2584,26752,0.0,0.0,0.0,0.0,0.0,0.0,0.0,0.0
4161000000,경기도 광주시,309,116,1871,2519,3006,131,1276,747,9975,0.0,0.0,0.0,1500.0,76.0,46.688,5.0,5.0
4163000000,경기도 양주시,782,359,3968,5580,6804,1022,2622,1397,22534,11833.333333333334,28.51,3.0,100.0,66.0,18.61,1.0,4.0
4165000000,경기도 포천시,296,51,818,1630,1575,64,901,454,5789,0.0,0.0,0.0,0.0,0.0,0.0,0.0,0.0
4167000000,경기도 여주시,106,7,172,463,272,16,261,155,1452,0.0,0.0,0.0,750.0,75.0,66.815,2.0,2.0
4180000000,경기도 연천군,71,17,76,281,97,6,144,73,765,0.0,0.0,0.0,0.0,0.0,0.0,0.0,0.0
4182000000,경기도 가평군,81,26,232,728,323,74,264,143,1871,0.0,0.0,0.0,1000.0,40.0,42.31,1.0,1.0
4183000000,경기도 양평군,148,27,296,983,370,21,361,320,2526,13000.0,76.59,1.0,753.3333333333334,58.44444444444444,54.47222222222222,9.0,10.0
4311100000,충청북도 청주시 상당구,231,0,1168,1848,2136,405,758,499,7045,9000.0,23.67,2.0,500.0,57.5,36.7525,4.0,6.0
4311000000,충청북도 청주시,308,0,1314,2256,2506,412,1002,705,8503,0.0,0.0,0.0,0.0,0.0,0.0,0.0,0.0
4311200000,충청북도 청주시 서원구,225,0,1168,1817,2135,406,765,476,6992,12000.0,54.70333333333334,3.0,1057.142857142857,33.57142857142857,39.99857142857143,7.0,10.0
4311300000,충청북도 청주시 흥덕구,234,0,1208,1904,2280,402,837,500,7365,12450.0,41.8375,4.0,2750.0,42.16666666666666,33.59166666666667,6.0,10.0
4311400000,충청북도 청주시 청원구,244,0,1236,1968,2331,408,865,616,7668,14500.0,47.07,1.0,888.8888888888889,55.0,41.05222222222222,9.0,10.0
4313000000,충청북도 충주시,158,0,270,639,454,32,291,200,2044,14500.0,60.30500000000001,2.0,1000.0,80.0,47.88,1.0,3.0
4315000000,충청북도 제천시,131,0,229,497,268,20,179,180,1504,0.0,0.0,0.0,0.0,0.0,0.0,0.0,0.0
4372000000,충청북도 보은군,79,1,56,171,34,5,45,75,466,0.0,0.0,0.0,0.0,0.0,0.0,0.0,0.0
4373000000,충청북도 옥천군,325,98,2123,3090,2573,624,1060,759,10652,0.0,0.0,0.0,0.0,0.0,0.0,0.0,0.0
4374000000,충청북도 영동군,70,0,75,172,49,10,47,48,471,0.0,0.0,0.0,0.0,0.0,0.0,0.0,0.0
4374500000,충청북도 증평군,282,0,831,1626,1505,71,786,518,5619,0.0,0.0,0.0,0.0,0.0,0.0,0.0,0.0
4375000000,충청북도 진천군,188,21,277,748,502,28,531,297,2592,0.0,0.0,0.0,0.0,0.0,0.0,0.0,0.0
4376000000,충청북도 괴산군,137,0,128,359,162,14,201,139,1140,0.0,0.0,0.0,0.0,0.0,0.0,0.0,0.0
4377000000,충청북도 음성군,169,0,210,595,339,31,410,233,1987,8500.0,27.92,1.0,1328.571428571429,45.57142857142857,24.33142857142857,7.0,8.0
4380000000,충청북도 단양군,59,0,35,216,51,6,63,135,565,0.0,0.0,0.0,0.0,0.0,0.0,0.0,0.0
4413000000,충청남도 천안시,331,30,1133,2083,2520,315,1113,402,7927,0.0,0.0,0.0,0.0,0.0,0.0,0.0,0.0
4413100000,충청남도 천안시 동남구,276,24,1028,1839,2299,304,932,384,7086,5750.0,27.77,2.0,500.0,47.375,31.185,8.0,10.0
4413300000,충청남도 천안시 서북구,173,18,754,1313,1648,292,715,221,5134,19166.666666666668,67.19555555555556,9.0,2000.0,100.0,84.95,1.0,10.0
4415000000,충청남도 공주시,203,23,699,1564,2132,25,426,460,5532,0.0,0.0,0.0,0.0,0.0,0.0,0.0,0.0
4418000000,충청남도 보령시,105,0,154,360,197,24,182,86,1108,0.0,0.0,0.0,500.0,53.333333333333336,43.14666666666667,3.0,3.0
4420000000,충청남도 아산시,213,18,703,1290,1697,89,716,176,4902,15533.333333333334,47.70333333333334,3.0,814.2857142857143,49.57142857142857,29.51142857142857,7.0,10.0
4421000000,충청남도 서산시,141,1,269,674,448,29,328,206,2096,4500.0,18.03,1.0,700.0,52.888888888888886,28.808888888888887,9.0,10.0
4423000000,충청남도 논산시,123,38,250,447,299,38,173,121,1489,7000.0,26.12,1.0,1111.111111111111,46.11111111111112,28.116666666666667,9.0,10.0
4425000000,충청남도 계룡시,462,142,2822,4431,3927,648,1457,982,14871,0.0,0.0,0.0,500.0,44.8,38.994,5.0,5.0
4427000000,충청남도 당진시,137,1,252,582,435,25,358,152,1942,9000.0,62.790000000000006,2.0,937.5,56.375,44.3875,8.0,10.0
4471000000,충청남도 금산군,77,101,119,269,80,16,77,97,836,0.0,0.0,0.0,0.0,0.0,0.0,0.0,0.0
4476000000,충청남도 부여군,111,0,234,378,181,41,139,73,1157,0.0,0.0,0.0,0.0,0.0,0.0,0.0,0.0
4477000000,충청남도 서천군,130,0,434,800,749,40,273,175,2601,0.0,0.0,0.0,500.0,40.0,22.5,1.0,1.0
4479000000,충청남도 청양군,111,1,151,274,84,23,125,81,850,0.0,0.0,0.0,0.0,0.0,0.0,0.0,0.0
4480000000,충청남도 홍성군,107,1,157,461,250,28,192,135,1331,6000.0,23.22,1.0,400.0,42.5,23.05333333333333,6.0,7.0
4481000000,충청남도 예산군,195,7,469,902,612,42,467,201,2895,0.0,0.0,0.0,380.0,43.8,27.444,5.0,5.0
4482500000,충청남도 태안군,87,0,62,256,64,13,145,48,675,0.0,0.0,0.0,0.0,0.0,0.0,0.0,0.0
4159500000,경기도 화성시 병점구,85,11,266,567,880,10,305,177,2301,0.0,0.0,0.0,0.0,0.0,0.0,0.0,0.0
4159700000,경기도 화성시 동탄구,159,8,589,1222,2227,323,425,729,5682,0.0,0.0,0.0,0.0,0.0,0.0,0.0,0.0
4159300000,경기도 화성시 효행구,175,31,678,1305,1400,198,749,329,4865,0.0,0.0,0.0,0.0,0.0,0.0,0.0,0.0
4611000000,전라남도 목포시,190,0,510,948,948,58,397,159,3210,4000.0,41.43,1.0,268.8888888888889,30.77777777777778,29.75,9.0,10.0
4613000000,전라남도 여수시,177,0,439,1034,753,51,417,322,3193,0.0,0.0,0.0,520.0,52.9,35.705,10.0,10.0
4615000000,전라남도 순천시,171,0,501,1047,892,85,355,282,3333,0.0,0.0,0.0,883.3333333333334,29.5,35.32666666666667,6.0,6.0
4617000000,전라남도 나주시,116,27,356,617,419,26,206,206,1973,7000.0,28.42,1.0,622.2222222222222,39.11111111111112,28.511111111111116,9.0,10.0
4623000000,전라남도 광양시,249,0,734,1515,1307,110,573,485,4973,0.0,0.0,0.0,0.0,0.0,0.0,0.0,0.0
4671000000,전라남도 담양군,249,7,1264,2172,2106,565,606,538,7507,0.0,0.0,0.0,0.0,0.0,0.0,0.0,0.0
4672000000,전라남도 곡성군,117,0,207,461,200,28,117,125,1255,0.0,0.0,0.0,0.0,0.0,0.0,0.0,0.0
4673000000,전라남도 구례군,58,0,51,234,45,4,46,103,541,0.0,0.0,0.0,0.0,0.0,0.0,0.0,0.0
4677000000,전라남도 고흥군,78,0,99,142,39,9,54,66,487,10000.0,177.51,1.0,950.0,40.0,25.285,2.0,3.0
4678000000,전라남도 보성군,79,0,115,171,55,9,54,63,546,0.0,0.0,0.0,0.0,0.0,0.0,0.0,0.0
4679000000,전라남도 화순군,428,108,2830,3895,4437,815,1184,905,14602,0.0,0.0,0.0,0.0,0.0,0.0,0.0,0.0
4680000000,전라남도 장흥군,82,0,111,218,69,7,69,82,638,0.0,0.0,0.0,0.0,0.0,0.0,0.0,0.0
4681000000,전라남도 강진군,92,0,194,292,152,15,107,109,961,0.0,0.0,0.0,0.0,0.0,0.0,0.0,0.0
4682000000,전라남도 해남군,116,0,148,233,113,15,110,72,807,0.0,0.0,0.0,100.0,35.0,37.1,1.0,1.0
4683000000,전라남도 영암군,107,0,122,234,183,14,112,102,874,0.0,0.0,0.0,0.0,0.0,0.0,0.0,0.0
4684000000,전라남도 무안군,103,0,219,370,349,16,134,149,1340,11431.25,59.1875,8.0,400.0,37.5,32.255,2.0,10.0
4686000000,전라남도 함평군,90,27,203,308,96,15,92,170,1001,0.0,0.0,0.0,0.0,0.0,0.0,0.0,0.0
4687000000,전라남도 영광군,46,0,94,109,71,5,42,50,417,0.0,0.0,0.0,500.0,46.0,28.02,1.0,1.0
4688000000,전라남도 장성군,360,79,2141,3129,3621,399,1099,891,11719,0.0,0.0,0.0,1000.0,30.0,62.41,1.0,1.0
4689000000,전라남도 완도군,76,0,56,124,48,4,59,52,419,0.0,0.0,0.0,300.0,40.0,29.25,1.0,1.0
4690000000,전라남도 진도군,54,0,46,105,24,3,46,50,328,0.0,0.0,0.0,0.0,0.0,0.0,0.0,0.0
4691000000,전라남도 신안군,238,0,525,1002,953,56,411,209,3394,0.0,0.0,0.0,0.0,0.0,0.0,0.0,0.0
4711000000,경상북도 포항시,195,0,754,1649,1444,219,535,391,5187,0.0,0.0,0.0,0.0,0.0,0.0,0.0,0.0
4711100000,경상북도 포항시 남구,141,0,637,1218,1127,208,419,188,3938,10700.0,29.383333333333336,3.0,1785.7142857142858,51.42857142857143,32.79571428571428,7.0,10.0
4711300000,경상북도 포항시 북구,161,0,673,1361,1296,211,437,311,4450,10000.0,81.36,1.0,1425.0,45.75,47.6125,4.0,5.0
4713000000,경상북도 경주시,144,1,408,1371,826,40,437,241,3468,12483.333333333334,74.93,6.0,825.0,66.25,67.9725,4.0,10.0
4715000000,경상북도 김천시,136,3,287,601,630,25,237,134,2053,9766.666666666666,32.49666666666666,3.0,971.4285714285714,37.285714285714285,28.11428571428572,7.0,10.0
4717000000,경상북도 안동시,109,0,284,539,412,20,168,128,1660,0.0,0.0,0.0,350.0,39.2,26.871,10.0,10.0
4719000000,경상북도 구미시,232,9,730,1428,1722,77,719,364,5281,8100.0,31.406666666666663,3.0,385.7142857142857,35.714285714285715,30.78,7.0,10.0
4721000000,경상북도 영주시,98,0,169,325,286,25,97,115,1115,20000.0,71.96,1.0,0.0,0.0,0.0,0.0,1.0
4723000000,경상북도 영천시,89,4,244,475,335,31,210,111,1499,0.0,0.0,0.0,0.0,0.0,0.0,0.0,0.0
4725000000,경상북도 상주시,114,0,131,290,184,13,76,123,931,19000.0,84.88,1.0,0.0,0.0,0.0,0.0,1.0
4728000000,경상북도 문경시,124,0,225,437,261,20,119,182,1368,19000.0,84.65,2.0,0.0,0.0,0.0,0.0,2.0
4729000000,경상북도 경산시,533,424,4587,6044,8003,1397,1908,998,23894,0.0,0.0,0.0,625.0,49.25,25.485,4.0,4.0
4773000000,경상북도 의성군,74,0,92,205,45,6,35,55,512,0.0,0.0,0.0,0.0,0.0,0.0,0.0,0.0
4775000000,경상북도 청송군,45,0,30,144,11,6,18,58,312,7000.0,25.91,1.0,1833.3333333333333,43.66666666666666,32.99666666666666,3.0,4.0
4776000000,경상북도 영양군,24,0,23,69,12,6,12,33,179,0.0,0.0,0.0,0.0,0.0,0.0,0.0,0.0
4777000000,경상북도 영덕군,31,0,45,166,28,15,55,96,436,0.0,0.0,0.0,0.0,0.0,0.0,0.0,0.0
4782000000,경상북도 청도군,108,3,347,804,587,46,215,164,2274,0.0,0.0,0.0,0.0,0.0,0.0,0.0,0.0
4783000000,경상북도 고령군,98,124,194,432,395,24,195,120,1582,0.0,0.0,0.0,0.0,0.0,0.0,0.0,0.0
4784000000,경상북도 성주군,124,26,311,624,679,18,268,173,2223,0.0,0.0,0.0,0.0,0.0,0.0,0.0,0.0
4785000000,경상북도 칠곡군,369,104,1547,2511,3295,136,1192,698,9852,0.0,0.0,0.0,0.0,0.0,0.0,0.0,0.0
4790000000,경상북도 예천군,77,0,60,215,138,7,59,90,646,0.0,0.0,0.0,4000.0,25.0,24.56,1.0,1.0
4792000000,경상북도 봉화군,113,0,173,347,291,24,102,97,1147,0.0,0.0,0.0,0.0,0.0,0.0,0.0,0.0
4793000000,경상북도 울진군,40,0,43,190,88,13,63,93,530,0.0,0.0,0.0,500.0,45.0,42.42,1.0,1.0
4794000000,경상북도 울릉군,16,0,3,41,3,1,12,8,84,0.0,0.0,0.0,0.0,0.0,0.0,0.0,0.0
4812000000,경상남도 창원시,307,20,1550,2653,3126,457,1030,561,9704,0.0,0.0,0.0,0.0,0.0,0.0,0.0,0.0
4812100000,경상남도 창원시 의창구,174,0,1009,1555,1867,422,586,343,5956,17800.0,44.03,1.0,611.1111111111111,68.88888888888889,30.89555555555556,9.0,10.0
4812300000,경상남도 창원시 성산구,119,26,718,1235,1365,334,447,305,4549,0.0,0.0,0.0,880.0,47.2,29.396,10.0,10.0
4812500000,경상남도 창원시 마산합포구,109,0,596,956,1089,115,383,143,3391,9000.0,21.52,1.0,1266.6666666666667,29.0,31.692222222222224,9.0,10.0
4812700000,경상남도 창원시 마산회원구,133,0,781,1167,1448,123,474,214,4340,11750.0,50.93,4.0,1250.0,45.0,37.61833333333333,6.0,10.0
4812900000,경상남도 창원시 진해구,62,0,252,569,633,17,240,143,1916,0.0,0.0,0.0,610.0,43.7,47.139,10.0,10.0
1171000000,서울특별시 송파구,546,648,8489,8524,10066,2418,2602,1721,35014,30525.0,33.76166666666666,6.0,3750.0,137.25,45.5625,4.0,10.0
1174000000,서울특별시 강동구,113,91,1364,1242,1667,310,449,487,5723,23236.666666666668,26.156666666666663,3.0,3812.857142857143,48.71428571428572,21.205714285714286,7.0,10.0
1162000000,서울특별시 관악구,536,664,7153,8418,8006,1422,2736,1546,30481,10800.0,18.896666666666665,3.0,1542.857142857143,68.42857142857143,19.78428571428572,7.0,10.0
1165000000,서울특별시 서초구,440,710,7839,8328,8843,2727,2303,1309,32499,24650.0,26.695,6.0,10400.0,49.75,25.2175,4.0,10.0
1159000000,서울특별시 동작구,261,368,3272,4207,3810,1329,1385,857,15489,18600.0,28.14,2.0,7875.0,45.375,22.75125,8.0,10.0
1154500000,서울특별시 금천구,152,57,1199,1530,1477,43,671,299,5428,22750.0,31.9325,4.0,6041.666666666667,40.66666666666666,22.83,6.0,10.0
1156000000,서울특별시 영등포구,774,717,7469,10928,10588,1548,3646,2289,37959,32762.0,51.03,5.0,18300.0,37.4,32.512,5.0,10.0
1150000000,서울특별시 강서구,583,473,4886,7424,7588,1557,2482,1747,26740,22735.5,28.816666666666663,6.0,6250.0,62.0,30.4725,4.0,10.0
1153000000,서울특별시 구로구,353,204,3045,3420,4737,944,1386,848,14937,40833.333333333336,61.20666666666667,3.0,4714.285714285715,59.85714285714285,32.160000000000004,7.0,10.0
1144000000,서울특별시 마포구,642,717,6479,10860,9607,2441,3071,1988,35805,0.0,0.0,0.0,4370.0,56.2,21.46,10.0,10.0
1147000000,서울특별시 양천구,747,587,6827,9535,10176,1725,3298,2091,34986,52666.66666666666,69.57333333333334,3.0,8142.857142857143,142.14285714285714,62.87,7.0,10.0
1141000000,서울특별시 서대문구,541,770,5698,10776,7179,2287,2825,1820,31896,0.0,0.0,0.0,3345.0,86.7,29.957,10.0,10.0
1135000000,서울특별시 노원구,284,173,1805,2059,2874,538,851,512,9096,0.0,0.0,0.0,850.0,65.9,31.971,10.0,10.0
1138000000,서울특별시 은평구,443,511,4080,8307,5586,1466,2129,1313,23835,22000.0,44.7,1.0,3666.6666666666665,50.44444444444444,21.813333333333333,9.0,10.0
1130500000,서울특별시 강북구,528,418,3931,5200,5384,1051,1818,919,19249,0.0,0.0,0.0,1500.0,73.5,22.901,10.0,10.0
1132000000,서울특별시 도봉구,424,294,2819,3332,4568,935,1383,755,14510,15740.0,23.964,5.0,3600.0,60.4,29.484,5.0,10.0
1126000000,서울특별시 중랑구,731,575,5873,7089,8463,1587,2642,1381,28341,24625.0,54.7875,4.0,2666.6666666666665,67.0,35.29333333333333,6.0,10.0
1129000000,서울특별시 성북구,430,612,4066,6816,4183,1736,1985,952,20780,40000.0,90.75,1.0,2444.4444444444443,75.77777777777777,26.95888888888889,9.0,10.0
1123000000,서울특별시 동대문구,715,973,8426,11369,7878,2941,3382,1826,37510,28250.0,37.85,4.0,15174.833333333334,44.5,34.571666666666665,6.0,10.0
1121500000,서울특별시 광진구,715,933,10502,10740,11764,3355,3377,2087,43473,14000.0,25.07,1.0,4000.0,66.66666666666667,21.988888888888887,9.0,10.0
1120000000,서울특별시 성동구,748,1067,10174,12696,10767,4401,3657,1881,45391,24600.0,18.32,2.0,3331.25,79.375,27.7775,8.0,10.0
1117000000,서울특별시 용산구,48,83,423,1138,359,12,262,235,2560,43000.0,39.06333333333333,3.0,4471.428571428572,102.71428571428572,24.287142857142857,7.0,10.0
1114000000,서울특별시 중구,677,1052,9749,13893,9565,3434,3641,1821,43832,35500.0,42.415,2.0,3550.0,84.0,28.79875,8.0,10.0
1168000000,서울특별시 강남구,395,594,7419,7477,8696,2759,2068,1367,30775,24564.285714285717,31.884285714285717,7.0,1000.0,95.0,26.933333333333334,3.0,10.0
1111000000,서울특별시 종로구,246,391,2511,4800,2515,1358,1202,593,13616,20275.0,21.7175,4.0,2977.6666666666665,52.0,24.906666666666663,6.0,10.0
4824000000,경상남도 사천시,137,0,460,902,882,33,352,226,2992,5800.0,24.07,1.0,2475.0,35.0,39.19,4.0,5.0
4817000000,경상남도 진주시,200,0,678,1277,1482,92,447,269,4445,15500.0,54.785,2.0,1250.0,46.75,25.58375,8.0,10.0
4822000000,경상남도 통영시,177,0,356,830,749,53,361,183,2709,8000.0,48.16,1.0,866.6666666666666,40.55555555555556,39.85777777777778,9.0,10.0
4874000000,경상남도 창녕군,109,22,195,502,341,16,162,150,1497,0.0,0.0,0.0,300.0,50.0,60.02,2.0,2.0
4825000000,경상남도 김해시,227,70,663,1530,1837,162,647,630,5766,12500.0,68.23,3.0,1500.0,33.42857142857143,36.35142857142857,7.0,10.0
4827000000,경상남도 밀양시,106,7,124,566,240,24,153,96,1316,0.0,0.0,0.0,0.0,0.0,0.0,0.0,0.0
4831000000,경상남도 거제시,144,0,229,671,634,47,352,148,2225,10000.0,84.07,1.0,333.3333333333333,41.77777777777778,52.117777777777775,9.0,10.0
4833000000,경상남도 양산시,144,26,485,986,1023,41,353,329,3387,8062.5,46.7075,4.0,2166.6666666666665,47.833333333333336,33.16166666666667,6.0,10.0
4872000000,경상남도 의령군,144,0,207,529,589,12,158,167,1806,0.0,0.0,0.0,0.0,0.0,0.0,0.0,0.0
4873000000,경상남도 함안군,225,0,793,1281,1510,120,497,272,4698,0.0,0.0,0.0,0.0,0.0,0.0,0.0,0.0
4882000000,경상남도 고성군,136,0,223,557,326,19,225,152,1638,0.0,0.0,0.0,500.0,32.5,43.790000000000006,2.0,2.0
4884000000,경상남도 남해군,132,0,258,694,275,27,276,271,1933,0.0,0.0,0.0,0.0,0.0,0.0,0.0,0.0
4885000000,경상남도 하동군,126,0,201,592,356,22,205,256,1758,0.0,0.0,0.0,0.0,0.0,0.0,0.0,0.0
4886000000,경상남도 산청군,72,0,74,216,84,9,49,215,719,0.0,0.0,0.0,0.0,0.0,0.0,0.0,0.0
4887000000,경상남도 함양군,67,0,70,191,85,8,50,181,652,0.0,0.0,0.0,0.0,0.0,0.0,0.0,0.0
4888000000,경상남도 거창군,71,0,79,178,179,5,65,79,656,0.0,0.0,0.0,0.0,0.0,0.0,0.0,0.0
4889000000,경상남도 합천군,73,0,65,156,38,4,48,98,482,0.0,0.0,0.0,0.0,0.0,0.0,0.0,0.0
5011000000,제주특별자치도 제주시,277,0,886,2634,1578,39,941,512,6867,11500.0,45.675,2.0,350.0,47.625,35.16375,8.0,10.0
5013000000,제주특별자치도 서귀포시,162,0,265,1182,476,11,450,260,2806,14775.0,57.705,2.0,587.5,58.375,34.54625,8.0,10.0
4159100000,경기도 화성시 만세구,119,153,288,733,532,23,582,152,2582,0.0,0.0,0.0,0.0,0.0,0.0,0.0,0.0
5280000000,전북특별자치도 부안군,128,0,256,355,203,39,168,165,1314,0.0,0.0,0.0,0.0,0.0,0.0,0.0,0.0
5279000000,전북특별자치도 고창군,91,0,184,320,160,32,110,118,1015,0.0,0.0,0.0,0.0,0.0,0.0,0.0,0.0
5277000000,전북특별자치도 순창군,90,0,133,360,73,11,63,106,836,0.0,0.0,0.0,0.0,0.0,0.0,0.0,0.0
5275000000,전북특별자치도 임실군,72,0,42,109,29,2,43,51,348,0.0,0.0,0.0,0.0,0.0,0.0,0.0,0.0
5274000000,전북특별자치도 장수군,54,0,53,103,37,4,36,92,379,0.0,0.0,0.0,0.0,0.0,0.0,0.0,0.0
5273000000,전북특별자치도 무주군,43,0,36,107,23,4,39,97,349,0.0,0.0,0.0,0.0,0.0,0.0,0.0,0.0
5272000000,전북특별자치도 진안군,58,0,70,145,48,5,53,97,476,0.0,0.0,0.0,0.0,0.0,0.0,0.0,0.0
5271000000,전북특별자치도 완주군,368,0,1928,3169,3402,408,987,774,11036,0.0,0.0,0.0,0.0,0.0,0.0,0.0,0.0
5221000000,전북특별자치도 김제시,252,0,798,1332,1263,80,468,373,4566,0.0,0.0,0.0,0.0,0.0,0.0,0.0,0.0
5219000000,전북특별자치도 남원시,118,0,142,364,156,20,102,157,1059,0.0,0.0,0.0,0.0,0.0,0.0,0.0,0.0
5218000000,전북특별자치도 정읍시,128,0,220,367,259,28,137,164,1303,0.0,0.0,0.0,0.0,0.0,0.0,0.0,0.0
5214000000,전북특별자치도 익산시,206,0,556,942,746,64,342,343,3199,0.0,0.0,0.0,0.0,0.0,0.0,0.0,0.0
5213000000,전북특별자치도 군산시,223,0,605,1200,980,57,428,278,3771,0.0,0.0,0.0,0.0,0.0,0.0,0.0,0.0
5211300000,전북특별자치도 전주시 덕진구,201,0,1472,2283,2769,358,688,455,8226,0.0,0.0,0.0,0.0,0.0,0.0,0.0,0.0
4119600000,경기도 부천시 오정구,637,362,4720,5556,7676,1352,2314,1535,24152,22771.42857142857,59.41285714285714,7.0,0.0,0.0,0.0,0.0,7.0
5211000000,전북특별자치도 전주시,243,0,1526,2471,2825,364,744,522,8695,0.0,0.0,0.0,0.0,0.0,0.0,0.0,0.0
5211100000,전북특별자치도 전주시 완산구,194,0,1460,2266,2746,359,673,454,8152,0.0,0.0,0.0,0.0,0.0,0.0,0.0,0.0
4119400000,경기도 부천시 소사구,600,253,3888,4516,5803,735,1996,1311,19102,20560.0,46.232,5.0,1140.0,64.2,37.316,5.0,10.0
4119200000,경기도 부천시 원미구,692,360,4732,5441,7048,924,2374,1500,23071,13250.0,43.55,2.0,1687.5,45.875,30.265,8.0,10.0
5183000000,강원특별자치도 양양군,71,0,158,566,173,16,275,92,1351,0.0,0.0,0.0,0.0,0.0,0.0,0.0,0.0
2772000000,대구광역시 군위군,28,0,30,99,14,2,20,26,219,0.0,0.0,0.0,3000.0,60.0,68.62,1.0,1.0
5182000000,강원특별자치도 고성군,36,0,22,159,18,2,74,22,333,0.0,0.0,0.0,0.0,0.0,0.0,0.0,0.0
5181000000,강원특별자치도 인제군,71,0,43,165,62,3,79,98,521,0.0,0.0,0.0,0.0,0.0,0.0,0.0,0.0
5179000000,강원특별자치도 화천군,48,7,18,97,27,6,34,34,271,0.0,0.0,0.0,0.0,0.0,0.0,0.0,0.0
5180000000,강원특별자치도 양구군,58,0,34,118,55,3,65,71,404,0.0,0.0,0.0,0.0,0.0,0.0,0.0,0.0
5178000000,강원특별자치도 철원군,77,12,69,251,85,9,111,64,678,0.0,0.0,0.0,0.0,0.0,0.0,0.0,0.0
5177000000,강원특별자치도 정선군,65,0,32,143,21,4,75,36,376,0.0,0.0,0.0,0.0,0.0,0.0,0.0,0.0
5176000000,강원특별자치도 평창군,90,0,37,234,37,7,103,78,586,0.0,0.0,0.0,0.0,0.0,0.0,0.0,0.0
5175000000,강원특별자치도 영월군,101,0,33,161,42,4,73,57,471,0.0,0.0,0.0,0.0,0.0,0.0,0.0,0.0
5173000000,강원특별자치도 횡성군,224,0,620,1197,1095,58,465,398,4057,0.0,0.0,0.0,0.0,0.0,0.0,0.0,0.0
5172000000,강원특별자치도 홍천군,111,11,86,284,75,14,110,98,789,0.0,0.0,0.0,0.0,0.0,0.0,0.0,0.0
5121000000,강원특별자치도 속초시,74,0,163,585,176,16,285,92,1391,0.0,0.0,0.0,0.0,0.0,0.0,0.0,0.0
5123000000,강원특별자치도 삼척시,126,0,197,531,266,22,236,124,1502,0.0,0.0,0.0,0.0,0.0,0.0,0.0,0.0
5119000000,강원특별자치도 태백시,62,0,75,181,67,7,123,75,590,0.0,0.0,0.0,0.0,0.0,0.0,0.0,0.0
5117000000,강원특별자치도 동해시,103,0,190,498,259,20,218,107,1395,0.0,0.0,0.0,0.0,0.0,0.0,0.0,0.0
5115000000,강원특별자치도 강릉시,127,0,373,1086,614,34,389,156,2779,0.0,0.0,0.0,0.0,0.0,0.0,0.0,0.0
5113000000,강원특별자치도 원주시,222,5,654,1323,1125,64,522,454,4369,0.0,0.0,0.0,0.0,0.0,0.0,0.0,0.0
5111000000,강원특별자치도 춘천시,124,16,465,1057,802,88,399,189,3140,0.0,0.0,0.0,0.0,0.0,0.0,0.0,0.0
